movie, characters
"Iron man 1,TONY STARK / IRON MAN : LT. COL. JAMES ""RHODEY"" RHODES / WAR MACHINE : OBADIAH STANE / IRON MONGER : VIRGINIA ""PEPPER"" POTTS : YINSEN : RAZA : J.A.R.V.I.S. (VOICE) : CHRISTINE EVERHART : AGENT PHIL COULSON : AWARD CEREMONY NARRATOR (VOICE) : HAPPY HOGAN : DIRECTOR NICK FURY : STAN LEE : GUARD : JIM CRAMER : ABU BAKAAR : GENERAL GABRIEL : WILLIAM GINTER RIVA : MAJOR ALLEN : JIMMY : PRATT : RAMIREZ : AHMED : OMAR : HOWARD STARK : VIPER 1 : VIPER 2 : AMIRA AHMED : COLONEL CRAIG : DEALER AT CRAPS TABLE : WOMAN AT CRAPS TABLE : ENGINEER : AIR FORCE OFFICER : WOMAN IN SUV : KID IN SUV : GULMIRA KID : GULMIRA MOM : REPORTER : FLIGHT ATTENDANT : AIR FORCE LIEUTENANT : ZORIANNA KIT : STAN'S GIRL : CAOC ANALYST"
"The incredible Hulk,BRUCE BANNER / THE HULK : BETTY ROSS : EMIL BLONSKY / ABOMINATION : GENERAL THADDEUS ""THUNDERBOLT"" ROSS / THE RED HULK : DR. SAMUEL STERNS / THE LEADER : LEONARD SAMSON / DR. SAMSON : MAJOR KATHLEEN SPARR : GENERAL JOE GRELLER : VOICE OF THE INCREDIBLE HULK / SECURITY GUARD : STANLEY : MARTINA : COMMANDO : TERRIFIED GAL : HELICOPTER SOLDIER : GRAD STUDENT : TOUGH GUY LEADER : TOUGH GUY : COMMUNICATIONS OFFICER : HELICOPTER PILOT : SOLDIER : COP : CAB DRIVER : MEDICAL TECHNICIAN : YOUNG GUY : PLANT MANAGER : SNIPER : BOAT CAPTAIN : GUATEMALAN TRUCKER : COMPUTER NERD : APACHE HELICOPTER PILOT : COLLEAGUE : HARLEM BYSTANDE : MARKET VENDOR : SUPPLY DRIVER : ARMY BASE DOCTOR : AIKIDO INSTRUCTOR : ROSS'S SOLDIER : MCGEE : WILSON : REPORTER : GUNNER : LITTLE BOY : BRAVE COP : BOPE OFFICER : MEDIC SOLDIER : HANDSOME SOLDIER : ROSS'S AIDE : FEMALE MEDICAL ASSISTANT : HUMVEE DRIVER : STERNS LAB SOLDIER : LARGE WOMAN : FEMALE BARTENDER : HOPSCOTCH GIRL"
"Iron man 2,TONY STARK / IRON MAN : VIRGINIA ""PEPPER"" POTTS : LT. COL. JAMES ""RHODEY"" RHODES / WAR MACHINE : NATALIE RUSHMAN / NATASHA ROMANOFF / BLACK WIDOW : IVAN VANKO / WHIPLASH : JUSTIN HAMMER : DIRECTOR NICK FURY : AGENT PHIL COULSON : HOWARD STARK : SENATOR STERN : J.A.R.V.I.S. (VOICE) : U.S. MARSHAL : CHRISTINE EVERHART : HAPPY HOGAN : HERSELF : DETECTIVE LEMIEUX : SECURITY FORCE #1 : SECURITY FORCE #2 : EXPO FAN : RUSSIAN NEWSCASTER : FRENCH PHOTOGRAPHER : HIMSELF : MAJOR ALLEN : GENERAL MEADE : 10 RINGS GANGSTER : ANTON VANKO : AV OPERATOR : REBECCA : EXPO COP : REBEKA : BAMBI ARBOGAST : CHESS ROBERTS : STRAWBERRY VENDOR : YOUNG TONY STARK : GUARD : HAMMER EXPO TECH : FRENCH WAITER : JACK : IRONETTE DANCER"
Thor 1,THOR ODINSON : JANE FOSTER : LOKI : ERIK SELVIG : KING LAUFEY : VOLSTAGG : HEIMDALL : DARCY LEWIS : FRIGGA : ODIN : AGENT COULSON : SIF : HOGUN : FANDRAL : ISABELA ALVAREZ : AGENT SITWELL : FROST GIANT CAPTAIN : FROST GIANT SENTRY : FROST GIANT HAILSTRUM : FROST GIANT BRUTE : FROST GIANT GRUNDROTH : FROST GIANT RAZE : EINHERJAR GUARD : AGENT DELANCEY : TECHIE : AGENT JACKSON : AGENT GARRETT : AGENT CALE : SHIELD GUARD : TOWNIE : PETE : STAN THE MAN : DRUNK TOWNIE : PET STORE CLERK : ADMISSION NURSE : ORDERLY : VIKING MOTHER : VIKING CHILD : VIKING ELDER : VIKING : GUEST : YOUNG THOR : YOUNG LOKI : FROST GIANT : NICK FURY : CLINT BARTON 
Capitán américa: el primer vengador,STEVE ROGERS / CAPTAIN AMERICA : PEGGY CARTER : JOHANN SCHMIDT / RED SKULL : COL. CHESTER PHILLIPS : JAMES BUCHANAN 'BUCKY' BARNES : HOWARD STARK : HEINZ KRUGER : DIRECTOR NICK FURY : ABRAHAM ERSKINE : DR. ARNIM ZOLA : PRIVATE LORRAINE : SHIELD AGENT : JACQUES DERNIER : TIMOTHY 'DUM DUM' DUGAN : GABE JONES : JIM MORITA : JAMES MONTGOMERY FALSWORTH : GENERAL : SENATOR BRANDT : BRANDT'S AIDE : SHIELD LIEUTENANT : GILMORE HODGE : SEARCH TEAM LEADER : SHIELD TECH : JAN : TOWER KEEPER : BARMAN : NERVOUS RECRUIT : CONNIE : BONNIE : 4F DOCTOR : LOUD JERK : YOUNG DOCTOR : ENLISTMENT OFFICE MP : STARK GIRL : SERGEANT DUFFY : JOHANN SCHMIDT'S ARTIST : ANTIQUE STORE OWNER : SSR DOCTOR : PROJECT REBIRTH NURSE : KRUGER'S AIDE : UNDERCOVER BUM : ROEDER : HUTTER : SCHNEIDER : THE STAR SPANGLED SINGER : AUTOGRAPH SEEKER : 'ADOLPH HITLER' : ARMY HECKLER : HYDRA GUARD / HYDRA PILOT : MANAGER VELT
"Los vengadores 1,TONY STARK / IRON MAN : STEVE ROGERS / CAPTAIN AMERICA : BRUCE BANNER / THE HULK : THOR ODINSON : NATASHA ROMANOFF / BLACK WIDOW : CLINT BARTON / HAWKEYE : LOKI : AGENT PHIL COULSON : AGENT MARIA HILL : ERIK SELVIG : DIRECTOR NICK FURY : VIRGINIA ""PEPPER"" POTTS : J.A.R.V.I.S. (VOICE) : WORLD SECURITY COUNCIL : SHIELD PILOT : OLD MAN IN TV REPORT : WAITRESS : SECURITY GUARD : CARRIER BRIDGE TECHS : GALA SCIENTIST : CELEBRATION MONTAGE INTERVIEWEE : TALL THUG : GEORGI LUCHKOV : AGENT JASPER SITWELL : THE OTHER : SENATOR BOYNTON : YOUNG COP : NASA SCIENTIST : WEASELLY THUG : YOUNG GIRL : CALCUTTA WOMAN : CARRIER BRIDGETECHS : GERMAN OLD MAN : MAINTENANCE GUY : JAPANESE FAMILY : POLICE SERGEANT : OFFICE WOMAN : NEWS REPORTER : FACELESS PILOT : SHAWNA LYNDE : HIMSELF "
"Iron man 3,TONY STARK / IRON MAN : VIRGINIA ""PEPPER"" POTTS : COLONEL JAMES ""RHODEY"" RHODES / WAR MACHINE : ALDRICH KILLIAN / THE MANDARIN : TREVOR SLATTERY : MAYA HANSEN : HAPPY HOGAN : SAVIN : BRANDT : JARVIS (VOICE) : PRESIDENT ELLIS : MRS. DAVIS : HARLEY KEENER : VICE PRESIDENT RODRIGUEZ : DOCTOR WU (AS WANG XUEQI) : HO YINSEN : ANNOYING CONFERENCE GUY : HIMSELF : HERSELF : NEPTUNE'S NET GIRL : NEPTUNE'S NET BOY : TAGGERT : HAPPY'S NURSE : HOSPITAL NURSE REPORTER : PUSHY TABLOID REPORTER : HELICOPTER PILOT #1 : HELICOPTER PILOT #2 : REPORTER AT HOUSE WRECKAGE : MANDARIN STUDIO TECHNICIAN : MANDARIN LOOK-OUT : ROSE HILLS SHERRIF : ROSE HILL DEPUTY / EXTREMIS SOLDIER : ROSE HILL CHRISTMAS TREE SHOPPER : JUNIOR TECHNICIAN (AS SARAH BURKHARAT) : SENIOR TECHNICIAN : SATELLITE TECHNICIAN (AS ANDY LAUER) : TECHNICAL DIRECTOR : VICE PRESIDENT'S ANALYST : THOMAS RICHARDS : PRESIDENT'S AIDE : SCARED INSURGENT : LAUGHING INSURGENT : PAGEANT EMCEE : MISS ELK RIDGE : PAGEANT JUDGE : GARY THE CAMERAMAN : CHAD DAVIS : EXTREMIS CANDIDATE : ROOM SERVICE WAITER / EXTREMIS SOLDIER : SWEAT SHOP AGENT : MANDARIN GUARD : MANDARIN GUARD (AS JUAN BOFILL) : MANDARIN GUARD (AS PAUL O'CONNOR) : SLEEPY MANDARIN GIRL : ANNOYED MANDARIN GUARD : MANDARIN PARTY GIRL #1 : MANDARIN PARTY GIRL #2 : TONY'S GUARD : PONYTAIL EXPRESS : RELUCTANT AIM GUARD : AIM PING PONG GIRL : SECRET SERVICE AGENT : VICE PRESIDENT'S DAUGHTER : IRON PATRIOT FAN #1 : IRON PATRIOT FAN #2 : AIR FORCE ONE OFFICER : NAVY OP : COMMANDER : HEATHER : EXTREMIS SOLDIER"
Thor 2,THOR ODINSON : DARRYL
Capitán américa: el soldado de invierno,STEVE ROGERS / CAPTAIN AMERICA : NICK FURY : NATASHA ROMANOFF / BLACK WIDOW : ALEXANDER PIERCE : BUCKY BARNES / WINTER SOLDIER : SAM WILSON / FALCON : MARIA HILL : BROCK RUMLOW : JASPER SITWELL : KATE / AGENT 13 : PEGGY CARTER : DR. ARNIM ZOLA : SMITHSONIAN GUARD : JACK ROLLINS : COUNCILWOMAN HAWLEY : COUNCILMAN SINGH : COUNCILMAN ROCKWELL : COUNCILMAN YEN : SENATOR STERN : GEORGES BATROC : FRENCH PIRATE #1 : FRENCH PIRATE #2 : ENGINE PIRATE : FRENCH RADIO PIRATE : SKINNY STEVE : LAUNCH TECH #1 : LAUNCH TECH #2 : DR. FINE (AS GOZIE AGBO) : SHIELD INTERROGATOR #1 : SHIELD INTERROGATOR #2 : SCIENTIST #1 : SCIENTIST #2 : APPLE EMPLOYEE : COM TECH #1 : COM TECH #2 : RENATA (AS BRANKA KATIC) : GARCIA : CHARLIE XO : CHARLIE WEAPONS TECH : SHIELD TECH : LEAD SHIELD PILOT : SENIOR SHIELD AGENT : SHIELD AGENT : STRIKE SGT. #1 : STRIKE SGT. #2 : STRIKE AGENT : 25TH FLOOR STRIKE AGENT : SCUDDER : HUMAN RESOURCES EXECUTIVE : DOCTOR : LEAD EMT : CIA INSTRUCTOR : CAPITOL HILL POLICE : FBI AGENT : COMMITTEE MEMBER : LITTLE BOY IN THE SMITHSONIAN : FURY CAR VOICE (VOICE) : SHIELD COMPUTER (VOICE) : THE SMITHSONIAN NARRATOR (VOICE)
Guardianes de la galaxia 1,DENNIS COOPER : SQUIRE : PASSELEWE : KING BRUNO THE QUESTIONABLE : MR. FISHFINGER : THE OTHER SQUIRE : 1ST HERALD : THE LANDLORD : THE PRINCESS : BISHOP : GRISELDA FISHFINGER : 1ST FANATIC : WAT DABNEY : SISTER JESSICA : RED HERRING / BLACK KNIGHT : MAN LIVING IN BARREL : THE  PRINCE : FLYING HOGFISH PEASANT : 1ST MERCHANT : 2ND MERCHANT : 3RD MERCHANT : GUARD AT THE GATE : SERGEANT AT THE GATE : FANATICS' LEADER : FANATIC : SPAGHETTI EATING FANATIC : MRS FISHFINGER : MR COOPER SNR : ARMOURER : APPRENTICE ARMOURER : FLAGELLANT : RATMAN : OLD MAN WITH PETITION : 1ST PEASANT : SCRUBBER : KEVIN FISHFINGER : LANDLORD'S WIFE
Los vengadores 2,TONY STARK / IRON MAN : THOR ODINSON : BRUCE BANNER / HULK : STEVE ROGERS / CAPTAIN AMERICA : NATASHA ROMANOFF / BLACK WIDOW : CLINT BARTON / HAWKEYE : ULTRON (VOICE) : NICK FURY : JAMES RHODES / WAR MACHINE : PIETRO MAXIMOFF / QUICKSILVER : WANDA MAXIMOFF / SCARLET WITCH : JARVIS (VOICE) / VISION : MARIA HILL : SAM WILSON / THE FALCON : PEGGY CARTER : HEIMDALL : LAURA BARTON : ERIK SELVIG : DR. HELEN CHO : STRUCKER : ULYSSES KLAUE / KLAW : MADAME B : HIMSELF : DR. LIST : FORTRESS SOLDIER : STRUCKER MERCENARY : ZRINKA : COSTEL : SOKOVIAN ACID STUDENT : DR. CHO'S ASSISTANT : KLAUE'S MERCENARY : BALLET INSTRUCTOR : JOHANNESBURG COP : JOHANNESBURG DRIVER : JOHANNESBURG ONLOOKER : JOHANNESBURG ELEVATOR PASSENGER : COOPER BARTON : LILA BARTON : WORLD HUB TECH : KOREAN TRAIN PASSENGER : SOKOVIAN FAMILY : SOKOVIAN WOMAN : TUB FAMILY CHILD : SOKOVIAN DRIVER : SOKOVIAN SUV DRIVER : SOKOVIAN SUV PASSENGER : SOKOVIAN POLICE CAPTAIN : SPECIALIST CAMERON KLEIN : FRIDAY (VOICE) : NATHANIEL PIETRO BARTON : CITIZEN
Capitán américa: civil war,STEVE ROGERS / CAPTAIN AMERICA : TONY STARK / IRON MAN : NATASHA ROMANOFF / BLACK WIDOW : BUCKY BARNES / WINTER SOLDIER : SAM WILSON / FALCON : LIEUTENANT JAMES RHODES / WAR MACHINE : CLINT BARTON / HAWKEYE : T'CHALLA / BLACK PANTHER : VISION : WANDA MAXIMOFF / SCARLET WITCH : SCOTT LANG / ANT-MAN : SHARON CARTER : PETER PARKER / SPIDER-MAN : BROCK RUMLOW / CROSSBONES : SECRETARY OF STATE THADDEUS ROSS : ZEMO : EVERETT K. ROSS : HOWARD STARK : MAY PARKER : MARIA STARK : KING T'CHAKA : FRIDAY (VOICE) : KARPOV : AYO : MIRIAM : M.I.T. LIAISON : FEDEX DRIVER : DR. BROUSSARD : HERO MERC #1 : MRI TECH : VICAR : JOSEF / SUPER SOLDIER #1 : SUPER SOLDIER #2 : SUPER SOLDIER #3 : SUPER SOLDIER #4 : SUPER SOLDIER #5 : ZEMO'S WIFE (VOICE) : ATTACHÉ : MAN AT KIOSK : GSG9 TASK FORCE GUNNER : GSG9 TASK FORCE PILOT : GERMAN INNKEEPER : RAFT GUARD : BARGE MAN #1 : BARGE MAN #2 : CUSTODIAN : FUNERAL DIRECTOR : WOMAN IN LOBBY #1 : WOMAN IN LOBBY #2 : DELIVERY TRUCK DRIVER : CHOIR : CHINESE NEWSCASTER : GERMAN NEWSCASTER #1 : GERMAN NEWSCASTER #2 : NEWS REPORTER : BUSBOY (LAGOS) : WAITER (LAGOS) : SECRETARY ROSS'S AIDE : HERO MERC #2 : HERO MERC #3 : HERO MERC #4 : TEENAGE GIRL : UN STAFFER GIBSON : STARK'S ASSISTANT : NURSE : CULTURAL ATTACHÉ : HELICOPTER PILOT
Guardianes de la galaxia 2,PETER QUILL / STAR-LORD : GAMORA : DRAX : BABY GROOT (VOICE) : ROCKET (VOICE) : YONDU : NEBULA : MANTIS : STAKAR OGORD : EGO : AYESHA : TASERFACE : KRAGLIN / ON-SET ROCKET : TULLK : MEREDITH QUILL : SOVEREIGN CHAMBERMAID : SOVEREIGN PILOT : SOVEREIGN ADMIRAL : ZYLAK (AS ALEX KLEIN) : ZYLAK'S FRENEMY : RETCH : OBLO : NARBLIK : HALFNUT : BRAHL : GEF : HUHTAR : DOWN THERE : UNSEEN RAVAGER : ROBOT COURTESAN : ROBOT COURTESAN (AS KENDRA STAUB) : HOWARD THE DUCK (VOICE) : HOWARD'S DATE (AS MOLLY QUINN) : MARTINEX : SNEEPER MADAME : WATCHER INFORMANT : THE FORM OF DAVID HASSELHOFF : OFFICER FITZGIBBON : WEIRD OLD MAN (AS JAMES GUNN, SR.) : WEIRD OLD MAN'S MISTRESS : EASIK MOTHER : YOUNG PETER QUILL : GRANDPA QUILL : GRANDPA QUILL'S FRIEND : CHARLIE-27 : ALETA OGORD : YOUNG EGO FACIAL REFERENCE
Spiderman Homecoming,PETER PARKER / SPIDER-MAN : ADRIAN TOOMES / THE VULTURE : TONY STARK / IRON MAN : MAY PARKER : HAROLD 'HAPPY' HOGAN : MICHELLE 'MJ' JONES : NED : LIZ TOOMES : AARON DAVIS : EUGENE 'FLASH' THOMPSON : HERMAN SCHULTZ / SHOCKER #2 : JACKSON 'MONTANA' BRICE / SHOCKER #1 : PHINEAS MASON / THE TINKERER : PEPPER POTTS : KAREN / SUIT LADY (VOICE) : ANNE MARIE HOAG : COACH WHIZ WILSON : ROGER HARRINGTON : PRINCIPAL MORITA : MS. WARREN : STEVE ROGERS / CAPTAIN AMERICA : MAC GARGAN : DORIS TOOMES : BETTY BRANDT : SALLY AVRIL : JASON IONELLO : SEYMOUR O' REILLY : ABRAHAM 'ABE' BROWN : CINDY MOON : CHARLES MURPHY : BRIAN 'TINY' MCKEEVER : FRIDAY (VOICE) : MR. DELMAR : MR. COBBWELL : TOUR GUIDE : PUNK ON STREET : AGENT FOSTER : GARY : TBD : RANDY VALE : MR. HAPGOOD : STREET VENDOR : CAR JACKER : YELLING WOMAN : YELLING MAN : DAY SLEEPER : THAI WAITER : HISTORY TEACHER : TENT KID : PARK RANGER : DECATHLON MODERATOR : HELICOPTER PILOT : FERRY KID : FERRY MOM : FERRY COMMUTER : YEAH SPIDER-MAN GUY : DEAN CRIMSON : STARK TOWER TECHNICIAN : STARK TOWER EMPLOYEE : NYC PEDESTRIAN : HIGH SCHOOL STUDENT : PARTY GIRL : NYC COMMUTER : FERRY PASSENGER : BANK CUSTOMER : UNHAPPY TEEN : INDIAN FLOWER GIRL : HOMECOMING DANCE STUDENT : DRAMA CLUB STUDENT : GIRL ON ELEVATOR : PRISON GUARD : FIREFIGHTER : DECATHLON COMPETITOR : SKATEBOARDER : MIDTOWN STUDENT : NY PEDESTRIAN : NYPD OFFICER : COMMUTER : RABBI ON SUBWAY : DODC GUARD : STREET VENDOR / PEDESTRIAN : PHOTOGRAPHER : NEW YORKER : COLLEGE RECRUITER : METRO POLICE OFFICER : CONSTRUCTION WORKER : FDNY FIREFIGHTER : TONY STARK'S TECHNICIAN : STUDENT / WEDDING GUEST : AVENGER'S STAFF AGENT : STUDENT : INMATE : SCREAMING GIRL #2 : DC NEWS REPORTER : STARK VTOL PILOT : NED LEED'S DAD : VULTURE HENCHMAN : PARTY GOER : MASCOT : FIREMAN 
Thor ragnarok,THOR ODINSON : LOKI : HELA : HEIMDALL : BRUNNHILDE / VALKYRIE : GRANDMASTER : SKURGE : BRUCE BANNER / THE HULK : ODIN : HOGUN : VOLSTAGG : FANDRAL : STEPHEN STRANGE / DOCTOR STRANGE : TOPAZ : KORG / SURTUR (MO-CAP) : SURTUR (VOICE) : BARBER : ACTOR ODIN : ACTOR THOR : ACTOR LOKI : ASGARDIAN DATE #1 : ASGARDIAN DATE #2 : ACTOR SIF : ODIN'S ASSISTANT : COLLEGE GIRL #1 : COLLEGE GIRL #2 : LEAD SCRAPPER : GOLDEN LADY #1 : GOLDEN LADY #2 : COUSIN CARLO : BEERBOT 5000 : WARDEN : ASGARDIAN DAUGHTER : ASGARDIAN MOTHER : ASGARDIAN UNCLE : ASGARDIAN SON : VALKYRIE SISTER #1 : VALKYRIE SISTER #2 : ASGARDIAN WOMAN : ASGARDIAN MAN : ASGARDIAN : ASGARDIAN SERVANT : GM PILOT : GRANDMASTER VIP : NEW YORK BUSINESSMAN : TWIN SAKAARAN CITIZEN : NATASHA ROMANOFF / BLACK WIDOW
"X-Men,CHARLES XAVIER / PROFESSOR X : LOGAN / WOLVERINE : ERIC LENSHERR / MAGNETO : ORORO MUNROE / STORM : JEAN GREY / PHOENIX : SCOTT SUMMERS / CYCLOPS : MARIE D'ANCANTO / ROGUE : RAVEN DARKHOLME / MYSTIQUE : MORTIMER TOYNBEE / TOAD : VICTOR CREED / SABRETOOTH : SENATOR KELLY : HENRY GYRICH : MAGNETO'S MOTHER : MAGNETO'S FATHER : ROGUE'S BOYFRIEND : HOT DOG VENDOR : BOBBY DRAKE / ICEMAN : KATHERINE ""KITTY"" PRYDE / SHADOWCAT : JOHN ALLERDYCE / PYRO "
"X-Men 2,CHARLES XAVIER / PROFESSOR X : LOGAN / WOLVERINE : ERIC LENSHERR / MAGNETO : ORORO MUNROE / STORM : JEAN GREY / PHOENIX : SCOTT SUMMERS / CYCLOPS : RAVEN DARKHOLME / MYSTIQUE : WILLIAM STRYKER : KURT WAGNER / NIGHTCRAWLER : SENATOR KELLY : YURIKO OYAMA / LADY DEATHSTRIKE : MARIE D'ANCANTO / ROGUE : BOBBY DRAKE / ICEMAN : JOHN ALLERDYCE / PYRO : KATHERINE ""KITTY"" PRYDE / SHADOWCAT : JUBILEE : ARTIE : THERESA CASSIDY / SIRYN : JASON 143 : DOUGLAS RAMSEY / CYPHER : PIOTR RASPUTIN / COLOSSUS : SURGEON : PRESIDENT MCKENNA : WHITE HOUSE TOUR GUIDE : NEWS REPORTER : STRYKER SOLDIER #1 : OVAL OFFICE AGENT CARTWRIGHT : CAPTURED X-KID : DR. HANK MCCOY"
"X-Men: The last stand,LOGAN / WOLVERINE : ORORO MUNROE / STORM : ERIC LEHNSHERR / MAGNETO : CHARLES XAVIER / PROFESSOR X : JEAN GREY / PHOENIX : MARIE D'ANCANTO / ROGUE : DR. HENRY 'HANK' MCCOY / BEAST : BOBBY DRAKE / ICEMAN : JOHN ALLERDYCE / PYRO : KATHERINE ""KITTY"" PRYDE / SHADOWCAT : RAVEN DARKHOLME / MYSTIQUE : SCOTT SUMMERS / CYCLOPS : CAIN MARKO / JUGGERNAUT : WARREN WORTHINGTON III / ANGEL : PIOTR RASPUTIN / COLOSSUS : CALLISTO : JIMMY / LEECH : QUENTIN QUIRE / KID OMEGA : JAMIE MADROX / MULTIPLE MAN : PHILIPPA SONTAG / ARCLIGHT : BETSY BRADDOCK / PSYLOCKE : JUBILATION LEE / JUBILEE : THERESA ROURKE CASSIDY / SIRYN : WARREN WORTHINGTON II : DR. KAVITA RAO : THE PRESIDENT : TRASK : YOUNG JEAN GREY : YOUNG ANGEL : WATERHOSE MAN : MINIVAN SON #2 : MOIRA MCTAGGERT "
X-Men Origins: Wolverine,LOGAN / WOLVERINE / WEAPON X : VICTOR CREED / SABRETOOTH : STRYKER : KAYLA SILVERFOX / SILVER FOX : WADE WILSON / DEADPOOL / WEAPON XI : JOHN WRAITH / KESTREL : REMY LEBEAU / THE GAMBIT : FRED DUKES / BLOB : CHRIS BRADLEY / BOLT : DAVID NORTH / AGENT ZERO : SCOTT SUMMERS / CYCLOPS : HEATHER HUDSON : TRAVIS HUDSON : JAMES : YOUNG VICTOR : JOHN HOWLETT : THOMAS LOGAN : ELIZABETH HOWLETT : FIRING SQUAD LEADER : CARNIVAL GUY : CARNIVAL GIRL : SCHOOL CHILD : LOGGING SUPERVISOR : PHELAN : MARCUSE : VAN MIER : BARTENDER : SURGEON : MALE NURSE #1 : MALE NURSE #2 : DR. CORNELIUS : DR. CAROL FROST : LEAD TECHNICIAN - ALKALI LAKE : GENERAL MUNSON : PLATOON LEADER : MUTTERING MAN : NERVOUS AFRICAN WOMAN : STRYKER AIDE : CURTIS : KAYLA'S SISTER / EMMA : POKER PLAYER : WOMAN OF THE NIGHT : HUGE DOORMAN : DRUNKEN MAN IN ALLEY : DRIVER : AFRICAN BUSINESSMAN : TEACHER : SPECIAL FORCES COMMANDER : VIETNAMESE CHILD : HUNTER #1 : HUNTER #2 : VIETNAM ARMY OFFICER : WAITRESS : TANK SOLDIER : VIETNAMESE MAN : VIETNAMESE WOMAN : MUTANT TWIN #1 : MUTANT TWIN #2 : WEAPON XI : HELICOPTER PILOT : CHARLES XAVIER / PROFESSOR X
X-Men: First Class,CHARLES XAVIER / PROFESSOR X : ERIK LEHNSHERR / MAGNETO : RAVEN DARKHOLME / MYSTIQUE : SEBASTIAN SHAW / BLACK BISHOP : MOIRA MACTAGGERT : HANK MCCOY / BEAST : EMMA FROST / WHITE QUEEN : AZAZEL : ALEX SUMMERS / HAVOK : SEAN CASSIDY / BANSHEE : ANGEL SALVADORE / TEMPEST : MAN IN BLACK SUIT : ARMANDO MUÑOZ / DARWIN : JANOS QUESTED / RIPTIDE : CIA DIRECTOR MCCONE : RUSSIAN GENERAL : COLONEL HENDRY : CAPTAIN : YOUNG RAVEN (10 YRS) : CHARLES XAVIER (12 YEARS) : MRS. XAVIER : YOUNG ERIK : WILLIAM STRYKER : LEVENE : US GENERAL : SECRETARY OF STATE : COMMUNICATIONS OFFICER : MYSTIQUE - OLDER : SOVIET NCO : RUSSIAN GENERAL'S BODYGUARD : CHIEF WARDEN : CO-ED : EDIE LENSHERR : MAN IN BLACK SUIT AGENT : ARAL SEA CAPTAIN : MR. LENSHERR (ERIK'S DAD) : SWISS BANK MANAGER : 1ST GERMAN / PIG FARMER : 2ND GERMAN / TAILOR
The Wolverine,LOGAN / WOLVERINE : SHINGEN : JEAN GREY / PHOENIX : HARADA : MARIKO YASHIDA : YUKIO : MADAME HYDRA / VIPER : YASHIDA : NOBURO MORI : CHARLES XAVIER / PROFESSOR X : ERIK LEHNSHERR / MAGNETO : YOUNG YASHIDA : POCK-FACE : AYA : RED BEARD : BAR MAN (RED BEARD'S FRIEND) : YUKON BAR PATRON : BUDDHIST PRIEST : FRUIT CART VENDOR : DYING YAKUZA : YASHIDA SECURITY GUARD
"X-Men Days of Future Past,LOGAN / WOLVERINE : CHARLES XAVIER / PROFESSOR X (YOUNG) : ERIK LEHNSHERR / MAGNETO (YOUNG) : RAVEN DARKHOLME / MYSTIQUE : ORORO MUNROE / STORM : MARIE D'ANCANTO / ROGUE : KATHERINE ""KITTY"" PRYDE / SHADOWCAT : BOLIVAR TRASK : ERIK LEHNSHERR / MAGNETO (OLD) : CHARLES XAVIER / PROFESSOR X (OLD) : HANK MCCOY / BEAST : HANK MCCOY / BEAST (OLDER) : BOBBY DRAKE / ICEMAN : LUCAS BISHOP : PIETRO MAXIMOFF / QUICKSILVER : WILLIAM STRYKER : PIOTR RASPUTIN / COLOSSUS : CLARICE FERGUSON / BLINK : ROBERTO DA COSTA / SUNSPOT : JAMES PROUDSTAR / WARPATH : JEAN GREY / PHOENIX : SCOTT SUMMERS / CYCLOPS : ALEX SUMMERS / HAVOK : MORTIMER TOYNBEE / TOAD : CONGRESMAN DAVIS : CONGRESSMAN PARKER : SENATOR BRICKMAN : INK : PRESIDENT RICHARD NIXON : MAN WITH A MOVIE CAMERA : EN SABAH NUR : GROUNDSKEEPER : PINSTRIPE MAFIOSO : COL. SANDERS : VIETNAM MP GUARD : MUTANT SOLDIER : QUARANTINE DOCTOR : CONGRESSMAN MCCARTER : TRASK SECRETARY : MS. MAXIMOFF : PENTAGON TOUR GUIDE : SURVEILLANCE GUARD : PENTAGON COOK : PENTAGON ELEVATOR GUARD : ARMED KITCHEN GUARD : GENERAL NHUAN : VIETNAMESE CAPTAIN : GENERAL PETROV : PEACE SUMMIT REPORTER : NIXON AIDE : SECRETARY OF DEFENSE : US ARMY GENERAL : DESK ANCHOR : FRENCH EMERGENCY NURSE : FRENCH TV REPORTER : FEMALE TRAVELER : BLUE SUIT TRAVELER : AIRPORT BACKPACKER : FLIGHT ATTENDANT : WHITE HOUSE REPORTER : WHITE HOUSE TICKET MAN : SECRET SERVICE AGENT : POTOMAC RIVER COP : CHINESE TRANSLATOR"
"X-Men: Apocalypse,PROFESSOR CHARLES XAVIER : ERIK LEHNSHERR / MAGNETO : RAVEN DARKHOLME / MYSTIQUE : HANK MCCOY / BEAST : EN SABAH NUR / APOCALYPSE : MOIRA MACTAGGERT : PIETRO MAXIMOFF / QUICKSILVER : COL. WILLIAM STRYKER : JEAN GREY / PHOENIX : SCOTT SUMMERS / CYCLOPS : ALEX SUMMERS / HAVOK : KURT WAGNER / NIGHTCRAWLER : WARREN WORTHINGTON III / ANGEL : ORORO MUNROE / STORM : JUBILATION LEE / JUBILEE : ELIZABETH 'BETSY' BRADDOCK / PSYLOCKE : HORSEMAN - PESTILENCE : HORSEMAN - FAMINE : HORSEMAN - DEATH : HORSEMAN - WAR : LEAD CONSPIRACY GUARD : CONSPIRATOR GUARD : HIGH PRIEST : OLD APOCALYPSE : SCOTT'S TEACHER : SCHOOL JOCK : SCHOOL CHEERLEADER : FIGHT ANNOUNCER : DEFEATED ""BLOB"" : ELECTRIC PANEL GUARD : MR. SUMMERS : MRS. SUMMERS : FALAFEL SHOP OWNER : CLAN AKKABA LEADER : CLAN AKKABA DISCIPLE : MAGDA : NINA : CAIRO SHOE SHOP VENDOR : MILOSZ : POLISH WORKER : LEAD POLISH INSPECTOR : JAKOB : POLISH POLICE ARCHER : THREATENING CAIRO VENDOR : EGYPTIAN STREET VENDOR : CALIBAN : CNN REPORTER : MS. MAXIMOFF : NEWS ANCHOR : HIMSELF : HERSELF : PENTAGON GENERAL HASTINGS : PENTAGON GENERAL RADFORD : PENTAGON GENERAL FIELDS : DEFENSE SECRETARY WEISBERG : MILITARY OFFICIAL BROWN : MILITARY SUBMARINE OFFICIAL : AIR FORCE OFFICIAL : FOYER STUDENT : FISH BOWL GIRL : KISSING GIRL : KISSING GUY : COMPUTER GUY : DARTS GUY : TAB GIRL : PIZZA DOG : STUDENT IN DRAPES : TABLE SURFING STUDENT : ALKALI SOLDIER : ALKALI GUARD : ALKALI COMMUNICATIONS OFFICER : CONFUSED TECH : KENYAN TEACHER : PENTAGON SCIENTIST : FISHING BOAT CAPTAIN : FINSHERMAN : HARBOR MASTER : HARBOR EMPLOYEE : RUSSIAN SUBMARINE SAILORS : RUSSIAN SUBMARINE SAILOR : US WEAPONS TECHNICIAN : MYSTERY MAN"
Logan,LOGAN HOWLETT / WOLVERINE / X-24 : CHARLES XAVIER / PROFESSOR X : LAURA KINNEY / X-23 : DONALD PIERCE : CALIBAN : DR. ZANDER RICE : LAURA (DOUBLE) : WILL MUNSON : KATHRYN MUNSON : GABRIELA LOPEZ : MARIA : RHODES : VALET : RICTOR : MOHAWK : DELILAH : NATE MUNSON : FEDERALE COMMANDER : FEDERALE LIEUTENANT : FEDERALE : REY (AS REY GALLEGOS) : MACON : BONE BREAKER : PRETTY BOY : REAVER : MOTEL MANAGER : REBECCA : BOBBY : CHARLOTTE : LIZARD BOY : MEXICAN STAFF MEMBER : JACKSON : BARTENDER : OLD DOCTOR : PROM TEEN #1 : PROM TEEN #2 : PROM TEEN #3 : PROM TEEN #4 : BRIDESMAID : PASTOR : MOURNING WIDOW : INFIRMARY NURSE : CAR DEALER : MAJOR : BANGER : PINE CONE GIRL : JONAH : MUTANT CHILD : GLOWING EYES BOY : JACKSON'S HENCHMAN : SCREAMING CASINO WOMAN : BUMPY SKINNED KID : BORDER GUARD : HELICOPTER PILOT : CONVENIENCE STORE CLERK
"Deadpool,WADE WILSON / DEADPOOL : VANESSA CARLYSLE / COPYCAT : FRANCIS FREEMAN / AJAX : JACK ""WEASEL"" HAMMER : CHRISTINA / ANGEL DUST : BLIND AL : ELLIE PHIMISTER / NEGASONIC TEENAGE WARHEAD : THE RECRUITER : PIOTR RASPUTIN / COLOSSUS (VOICE) : DOPINDER : BUCK : BOOTHE : WARLORD : JEREMY (PIZZA GUY) : GAVIN MERCHANT : MEGHAN ORLOVSKY : TEEN GIRL #1 : TEEN GIRL #2 : ARCADE TICKET TAKER : ONCOLOGIST : DAVID CUNNINGHAM : CHINATOWN MERCHANT : WHISPER GIRLFRIEND : WHISPER BOYFRIEND : POOL HALL GOON : FIGHT CLUB BOSS : GARBAGE TRUCK DRIVER : SUPER SOLDIER #1 : SUPER SOLDIER #2 : STRIP CLUB DJ : NO5 ORANGE MANAGER : STRIP CLUB WORKER : FLIGHT DECK GUARD : BOB"
Blade,BLADE : DEACON FROST : WHISTLER : KAREN : QUINN : DRAGONETTI : MERCURY : RACQUEL : KRIEGER : CURTIS WEBB : VANESSA : PEARL : NURSE : SENIOR RESIDENT : RESIDENT : HEATSEEKING DENNIS : CREEPY MORGUE GUY : PALLANTINE : JAPANESE DOORMAN : KAM : PARAMEDIC : PRAGMATIC POLICEMAN : BLOOD CLUB BOUNCER : MARTIAL ARTS KID : LYLE CONWAY : MENACING STUD : VAMPIRE UNDERLING : FROST'S GOON : VON ESPER : CREASE : PLEADING GOON : PARTY GIRL : SLAVIC VAMPIRE LORD : RUSSIAN WOMAN : RUSSIAN VAMPIRE : CARDBOARD CUT-OUT IN SUBWAY : VAMPIRE VICTIM : BLOOD BATH VAMPIRE
Blade II,BLADE : WHISTLER : REINHARDT : NYSSA : SCUD : DAMASKINOS : NOMAK : CHUPA : ASAD : SNOWMAN : KOUNEN : VERLAINE : PRIEST : LIGHTHAMMER : RUSH : JIGSAW : GOLEM : BLOOD BANK DOCTOR / REAPER : BLOOD BANK GUARD / REAPER : BLOOD BANK NURSE : DRUG DEALER : BLOOD BANK GUARD : VAMPIRE WITH EXPOSED SPINE : REAPER : ST. CLOUD : CHOAD : LITTLE G : TEA BAG : MAN IN LONDON PORNO SHOP : YOUNG BLADE
Blade Trinity,BLADE : WHISTLER : DRAKE : ABIGAIL WHISTLER : HANNIBAL KING : DANICA TALOS : CHIEF MARTIN VREEDE : DR. EDGAR VANCE : ASHER TALOS : JARKO GRIMWOOD : WOLFE : VIRAGO : WILSON HALE : RAY CUMBERLAND : SOMMERFIELD : ZOE : HEDGES : BENTLEY TITTLE : GOTH VIXEN WANNABE : STONE
Ghost Rider,JOHNNY BLAZE / GHOST RIDER : ROXANNE SIMPSON : BLACKHEART / BLACK KING : MACK : CARTER SLADE / PHANTOM RIDER : MEPHISTOPHELES : BARTON BLAZE : YOUNG JOHNNY BLAZE : YOUNG ROXANNE SIMPSON : TEAM BLAZE : X GAMES ANNOUNCER : MOTORCYCLE GANG MEMBER : BROKEN SPOKE WAITRESS : GOTH GIRL IN ALLEY : WALLOW : ABIGOR
Ghost Rider 2: Spirit of Vengeance,JOHNNY BLAZE / GHOST RIDER : ROARKE / THE DEVIL : NADYA : DANNY : RAY CARRIGAN / BLACKOUT : METHODIUS : MOREAU : BENEDICT : GRANNIK : TERROKOV : TOMA NIKASEVIC
The Fantastic Four,DR. REED RICHARDS : JOHNNY STORM : SUSAN STORM : BEN GRIMM : DR. DOOM / VICTOR VON DOOM : THING : JEWELER : PROFESSOR : ALICIA MASTERS : WEASEL : MRS. STORM : KRAGSTADT : TRIGORIN : DR. HAUPTMAN : MESSENGER
Fantastic 4: Rise of the Silver Surfer,REED RICHARDS / MR. FANTASTIC : SUE RICHARDS / INVISIBLE WOMAN : JOHNNY STORM / HUMAN TORCH : BEN GRIMM / THE THING : VICTOR VON DOOM / DOCTOR DOOM : ALICIA MASTERS : GENERAL HAGER : NORRIN RADD / SILVER SURFER (VOICE) : NORRIN RADD / SILVER SURFER : FRANKIE RAYE : PRIEST : JAMES SHERMAN / RAFKE : DR. JEFF WAGNER : BAXTER BUILDING DOORMAN : HOT PARTY GIRL #3 : JOHNNY'S WEDDING DATE : STAN LEE - REJECTED WEDDING GUEST : TAILOR 
Elektra,ELEKTRA NATCHIOS / ELEKTRA : MARK MILLER : KIRIGI : ROSHI : STICK : TYPHOID MARY / TYPHOID : ABBY MILLER : MCCABE : KINKOU : TATTOO : STONE : BAUER : MEIZUMI : YOUNG ELEKTRA : POOL SHARK : HAND NINJA #2 : ROSHI SERVANT : NIKOLAS NATCHIOS : HAND NINJA #1 : YOUNG ELEKTRA'S MOTHER : MATT MURDOCK (DIRECTOR'S CUT ONLY)
Daredevil,MATT MURDOCK / DAREDEVIL : ELEKTRA NATCHIOS : LESTER / BULLSEYE : WILSON FISK / THE KINGPIN : FRANKLIN 'FOGGY' NELSON : YOUNG MATT : KAREN PAGE : BEN URICH : WESLEY OWEN WELCH : NICK MANOLIS : NIKOLAS NATCHIOS : FATHER EVERETT : JOSE QUESADA : JACK MURDOCK : ABUSIVE FATHER : MEAT PACKER : QUESADA ATTORNEY : RING ANNOUNCER : ANGELA SUTTON : JUDGE #1 : JOSIE : NY COP #1 : KID #1 : KID #2 : KID #3 : STAVROS : OLD LADY ON PLANE : FLIGHT ATTENDANT : LITTLE BOY : ROOKIE COP : DRUNKEN ENGLISHMAN : SHARPSHOOTER : JACK KIRBY, FORENSIC ASSISTANT : QUESADA'S FRIEND #1 : QUESADA'S FRIEND #2 : BOXING REFEREE #1 : BOXING REFEREE #2 : OLD MAN AT CROSSING : QUESADA'S FRIEND #3 : SWAT LEADER : POLICEMAN : WAITRESS : GREEK PRIEST : FISK BODYGUARD : BULLY #1 : BULLY #2 : BULLY #3 : STAVROS' FRIEND : MAN WITH PEN IN HEAD
Spider-Man,PETER PARKER / SPIDER-MAN : NORMAN OSBORN / GREEN GOBLIN : MARY JANE WATSON : HARRY OSBORN : BEN PARKER : MAY PARKER : J. JONAH JAMESON : FLASH THOMPSON : JOSEPH 'ROBBIE' ROBERTSON : CARJACKER : BETTY BRANT : DR. MENDELL STROMM : BONE SAW MCGRAW : CHECK-IN GIRL : PUNK ROCK GIRL : RING ANNOUNCER : HOFFMAN : MAN IN FAIR : HERSELF : STUNTS : TUGBOAT CAPTAIN : MAXIMILIAN FARGAS : SIMKINS : HENRY BALKAN : GENERAL SLOCUM : TEACHER : HOUSEMAN : SUBWAY GUITARIST : COP AT CARJACKING : LAB TOUR GUIDE : WRESTLING PROMOTER : WRESTLING ARENA GUARD : FLASH'S CRONY : DOCTOR : HECKLER : COP AT FIRE : MOTHER AT FIRE : CABBIE : OPINIONATED COP : SURLY TRUCK DRIVER : PHILIP WATSON : CHAPERONE IN TRAM : GIRL IN TRAM : BOY IN TRAM : PROJECT COORDINATOR : MADELINE WATSON : BILLY'S MOM : FIREMAN : YOUNG LADY AT FIRE : MARINE COP
Spider-Man 2,PETER PARKER / SPIDER-MAN : MARY JANE WATSON : HARRY OSBORN : DR. OTTO OCTAVIUS / DOCTOR OCTOPUS : MAY PARKER : ROSALIE OCTAVIUS : J. JONAH JAMESON : JOHN JAMESON : DR. CURT CONNORS : NORMAN OSBORN : URSULA : SNOOTY USHER : MAN DODGING DEBRIS : MAN ON BALCONY : MR. JACKS : ELEVATOR PASSENGER : PIZZA 'HEIST' WITNESS : RECEPTIONIST : MISS BRANT : RAYMOND : MR. AZIZ : TRAIN PASSENGER : LOUISE : WOMAN AT WEB : DOCTOR : DR. DAVIS : HOFFMAN : BEN PARKER : MR. DITKOVICH : JOSEPH 'ROBBIE' ROBERTSON : GARBAGE MAN : MRS. JAMESON : HOUSEMAN : SKEPTICAL SCIENTIST : OSCORP REPRESENTATIVE : POKER PLAYER : AMAZED KID : ALGERNON : THEATER TRAFFIC COP : JACK : CLAWING NURSE : TRAIN CONDUCTOR : SOCIETY WOMAN : DR. ISAACS : MRS. WATSON : INJURED SCIENTIST : VIOLINIST : FIREMAN : WOMAN AT FIRE : SCREAMING NURSE : CHAINSAW DOCTOR
Spider-Man 3,PETER PARKER / SPIDER-MAN : MARY JANE WATSON : HARRY OSBORN / NEW GOBLIN : FLINT MARKO / SANDMAN : EDDIE BROCK / VENOM : GWEN STACEY : MAY PARKER : CAPTAIN STACEY : J. JONAH JAMESON : MRS. MARKO : DR. CURT CONNORS : JOSEPH ROBERTSON : MISS BRANT : HOFFMAN : PENNY MARKO : NORMAN OSBORN / GREEN GOBLIN : BEN PARKER : MR. DITKOVITCH : URSULA : DENNIS CARRADINE / CARJACKER : FLASH THOMPSON : MAN IN TIMES SQUARE : MAÎTRE D : PIANIST : DRIVER : JOHN JAMESON : HOUSEMAN : MRS. STACY : PHOTOGRAPHER : ANCHORMAN : JENNIFER DUGAN : CONGRATULATORY WOMAN AT DAILY BUGLE : CRANE DISASTER RADIO POLICEMAN : PLAY DIRECTOR : PLAY PRODUCER : JAZZ CLUB MANAGER : PRECINCT DETECTIVE : EMERGENCY ROOM DOCTOR : CRANE OPERATOR : WOMAN OUTSIDE THEATER : POLICE DETECTIVE : NEW JERSEY STATE POLICEMAN : TEST SITE TECHNICIAN : ICU NURSE : COP AT CRANE DISASTER : MARY JANE'S REPLACEMENT : BOY AT KEY TO THE CITY CEREMONY : COUNCILWOMAN : POLICEMAN AT SAND TRUCK : ARMORED CAR DRIVER : NEWSTAND PATRON : COFFEE SHOP WAITRESS : JAZZ CLUB WAITRESS : JAZZ CLUB BOUNCER : PHOTOSHOOT CLIENT
The Amazing Spider-Man,PETER PARKER / SPIDER-MAN : GWEN STACY : DR. CURT CONNORS / THE LIZARD : CAPTAIN STACY : RICHARD PARKER : RAJIT RATHA : UNCLE BEN : AUNT MAY : PETER PARKER (AGE 4) : FLASH THOMPSON : MARY PARKER : CASH REGISTER THIEF : MISSY KALLENBACK : SALLY AVRIL : JACK'S FATHER : SCHOOL LIBRARIAN : MAN IN THE SHADOWS : HELEN STACY : PHILIP STACY : HOWARD STACY : SIMON STACY : JACK : MR. CRAMER : MISS RITTER : NICKY'S GIRLFRIEND : STORE CLERK : GORDON : PHYSICS NERD : NICKY : CAR THIEF : CAR THIEF COP : POLICE OFFICER : OFFICER (SWAT) : NEWSCASTER (NEWS CHOPPER) : RECEPTIONIST : OSCORP INTERN : RODRIGO GUEVARA : CONSTRUCTION WORKER : TAXI DRIVER : POLICE OFFICER WITH SKETCH : SHEILA (SUBWAY) : SUBWAY GUY : PRINCIPAL : SECOND GIRL (SUBWAY) : ARIEL
The Amazing Spider-Man 2,PETER PARKER / SPIDER-MAN : GWEN STACY : MAX DILLON / ELECTRO : HARRY OSBORN / GREEN GOBLIN : RICHARD PARKER : MARY PARKER : DONALD MENKEN : AUNT MAY : YOUNG PETER PARKER : FELICIA HARDY : DR. ASHLEY KAFKA : NORMAN OSBORN : ALLISTAR SMYTHE : CAPTAIN STACY : HELEN STACY : PHILIP STACY : HOWARD STACY : SIMON STACY : GRADUATION GUEST : GUSTAV FIERS / THE GENTLEMAN : WOMAN IN STATUE OF LIBERTY COSTUME : DR. JALLINGS - SCIENCE INVESTIGATOR : MAN IN BLACK SUIT : KARI : AGENT BERKLEY : UNCLE BEN : SWAT TEAM LEADER : JORGE : G-5 CO-PILOT : GWEN'S CABBIE : BRITISH DESK ATTENDANT : PRINCIPAL CONWAY : TIMES SQUARE COP : LEAD OFFICER : POLICE CAPTAIN : BODEGA CASHIER : ROBBER : AIR TRAFFIC CONTROLLER : DISPATCHER : OSBORN BUTLER : PILOT : JORGE'S MOTHER : NY1 NEWS ANCHOR : NY1 REPORTER : CHINESE GRANDPA : ARMED ROBBER : RAVENCROFT GUARD : BULLY : DOCTOR : OSCORP DEPARTMENT HEAD : TIMES SQUARE BYSTANDER : CORPORATE LAWYER
The Punisher,FRANK CASTLE / THE PUNISHER : HOWARD SAINT : QUENTIN GLASS : FRANK CASTLE, SR. : LIVIA SAINT : SPECKER DAVE : MARIA : BOBBY SAINT : JIMMY WEEKS : MICKEY DUKA : BUMPO : JOAN : HARRY HECK : WILL CASTLE : JOE TORO : TATTOOED MIKE : T.J. : BAY NEWS 9 NEWSCASTER : TORO CROUPIER : EMT : POLICE CHIEF MORRIS : BETTY CASTLE : CANDELARIA : ACCOUNTANT #1 : ACCOUNTANT #2 : ACCOUNTANT #3 : SPOON : DANTE : THE RUSSIAN : LINCOLN : SAINT PUERTO RICO ENFORCER : YURI ASTROV
Punisher: War Zone,FRANK CASTLE / THE PUNISHER : BILLY RUSSOTI / JIGSAW : ANGELA DONATELLI : PAUL BUDIANSKY : LOONY BIN JIM : MARTIN SOAP : MICRO : GRACE DONATELLI : PITTSY : NICKY : INK : AGENT MILLER : CAPTAIN ROSS : SAFFIOTTI : MAGINTY : CARLOS : CRISTU BULAT
Ant-Man,SCOTT LANG / ANT-MAN : DR. HANK PYM : HOPE VAN DYNE : DARREN CROSS / YELLOWJACKET : PAXTON : LUIS : DAVE : SAM WILSON / FALCON : GALE : MAGGIE LANG : CASSIE LANG : KURT : MITCHELL CARSON : PEGGY CARTER : HOWARD STARK : CAR DRIVER : DALE : HYDRA BUYER : FRANK : BUYER : YOUNG PYM : JANET VAN DYNE / THE WASP : SPANISH WOMAN : YOUNG DAUGHTER : RAVER : POOL BBQ DAD : POOL BBQ MOM : POOL BBQ KID : PYM TECH GATE GUARD : PYM TECH SECURITY GUARD : EMT : GORGEOUS BLONDE : SUPERIOR OFFICER : ICE CREAM STORE CUSTOMER : ERNESTO : CARLOS : EMILY : PEACHY : COP ON SPEAKER : ALPHA GUARD : BETA GUARD : VAULT GUARD : ARMED GUARD : LAB GUARD : LAB TECH : IGNACIO : WRITER : BARTENDER : HIDEOUS RABBIT (VOICE) : HELICOPTER PILOT
