Id;Label
TONY STARK / IRON MAN;TONY STARK / IRON MAN
LT. COL. JAMES ""RHODEY"" RHODES / WAR MACHINE;LT. COL. JAMES ""RHODEY"" RHODES / WAR MACHINE
OBADIAH STANE / IRON MONGER;OBADIAH STANE / IRON MONGER
VIRGINIA ""PEPPER"" POTTS;VIRGINIA ""PEPPER"" POTTS
YINSEN;YINSEN
RAZA;RAZA
J.A.R.V.I.S. (VOICE);J.A.R.V.I.S. (VOICE)
CHRISTINE EVERHART;CHRISTINE EVERHART
AGENT PHIL COULSON;AGENT PHIL COULSON
AWARD CEREMONY NARRATOR (VOICE);AWARD CEREMONY NARRATOR (VOICE)
HAPPY HOGAN;HAPPY HOGAN
DIRECTOR NICK FURY;DIRECTOR NICK FURY
STAN LEE;STAN LEE
GUARD;GUARD
JIM CRAMER;JIM CRAMER
ABU BAKAAR;ABU BAKAAR
GENERAL GABRIEL;GENERAL GABRIEL
WILLIAM GINTER RIVA;WILLIAM GINTER RIVA
MAJOR ALLEN;MAJOR ALLEN
JIMMY;JIMMY
PRATT;PRATT
RAMIREZ;RAMIREZ
AHMED;AHMED
OMAR;OMAR
HOWARD STARK;HOWARD STARK
VIPER 1;VIPER 1
VIPER 2;VIPER 2
AMIRA AHMED;AMIRA AHMED
COLONEL CRAIG;COLONEL CRAIG
DEALER AT CRAPS TABLE;DEALER AT CRAPS TABLE
WOMAN AT CRAPS TABLE;WOMAN AT CRAPS TABLE
ENGINEER;ENGINEER
AIR FORCE OFFICER;AIR FORCE OFFICER
WOMAN IN SUV;WOMAN IN SUV
KID IN SUV;KID IN SUV
GULMIRA KID;GULMIRA KID
GULMIRA MOM;GULMIRA MOM
REPORTER;REPORTER
FLIGHT ATTENDANT;FLIGHT ATTENDANT
AIR FORCE LIEUTENANT;AIR FORCE LIEUTENANT
ZORIANNA KIT;ZORIANNA KIT
STAN'S GIRL;STAN'S GIRL
CAOC ANALYST";CAOC ANALYST"
BRUCE BANNER / THE HULK;BRUCE BANNER / THE HULK
BETTY ROSS;BETTY ROSS
EMIL BLONSKY / ABOMINATION;EMIL BLONSKY / ABOMINATION
GENERAL THADDEUS ""THUNDERBOLT"" ROSS / THE RED HULK;GENERAL THADDEUS ""THUNDERBOLT"" ROSS / THE RED HULK
DR. SAMUEL STERNS / THE LEADER;DR. SAMUEL STERNS / THE LEADER
LEONARD SAMSON / DR. SAMSON;LEONARD SAMSON / DR. SAMSON
MAJOR KATHLEEN SPARR;MAJOR KATHLEEN SPARR
GENERAL JOE GRELLER;GENERAL JOE GRELLER
VOICE OF THE INCREDIBLE HULK / SECURITY GUARD;VOICE OF THE INCREDIBLE HULK / SECURITY GUARD
STANLEY;STANLEY
MARTINA;MARTINA
COMMANDO;COMMANDO
TERRIFIED GAL;TERRIFIED GAL
HELICOPTER SOLDIER;HELICOPTER SOLDIER
GRAD STUDENT;GRAD STUDENT
TOUGH GUY LEADER;TOUGH GUY LEADER
TOUGH GUY;TOUGH GUY
COMMUNICATIONS OFFICER;COMMUNICATIONS OFFICER
HELICOPTER PILOT;HELICOPTER PILOT
SOLDIER;SOLDIER
COP;COP
CAB DRIVER;CAB DRIVER
MEDICAL TECHNICIAN;MEDICAL TECHNICIAN
YOUNG GUY;YOUNG GUY
PLANT MANAGER;PLANT MANAGER
SNIPER;SNIPER
BOAT CAPTAIN;BOAT CAPTAIN
GUATEMALAN TRUCKER;GUATEMALAN TRUCKER
COMPUTER NERD;COMPUTER NERD
APACHE HELICOPTER PILOT;APACHE HELICOPTER PILOT
COLLEAGUE;COLLEAGUE
HARLEM BYSTANDE;HARLEM BYSTANDE
MARKET VENDOR;MARKET VENDOR
SUPPLY DRIVER;SUPPLY DRIVER
ARMY BASE DOCTOR;ARMY BASE DOCTOR
AIKIDO INSTRUCTOR;AIKIDO INSTRUCTOR
ROSS'S SOLDIER;ROSS'S SOLDIER
MCGEE;MCGEE
WILSON;WILSON
GUNNER;GUNNER
LITTLE BOY;LITTLE BOY
BRAVE COP;BRAVE COP
BOPE OFFICER;BOPE OFFICER
MEDIC SOLDIER;MEDIC SOLDIER
HANDSOME SOLDIER;HANDSOME SOLDIER
ROSS'S AIDE;ROSS'S AIDE
FEMALE MEDICAL ASSISTANT;FEMALE MEDICAL ASSISTANT
HUMVEE DRIVER;HUMVEE DRIVER
STERNS LAB SOLDIER;STERNS LAB SOLDIER
LARGE WOMAN;LARGE WOMAN
FEMALE BARTENDER;FEMALE BARTENDER
HOPSCOTCH GIRL";HOPSCOTCH GIRL"
NATASHA ROMANOFF / BLACK WIDOW;NATASHA ROMANOFF / BLACK WIDOW
IVAN VANKO / WHIPLASH;IVAN VANKO / WHIPLASH
JUSTIN HAMMER;JUSTIN HAMMER
SENATOR STERN;SENATOR STERN
U.S. MARSHAL;U.S. MARSHAL
HERSELF;HERSELF
DETECTIVE LEMIEUX;DETECTIVE LEMIEUX
SECURITY FORCE #1;SECURITY FORCE #1
SECURITY FORCE #2;SECURITY FORCE #2
EXPO FAN;EXPO FAN
RUSSIAN NEWSCASTER;RUSSIAN NEWSCASTER
FRENCH PHOTOGRAPHER;FRENCH PHOTOGRAPHER
HIMSELF;HIMSELF
GENERAL MEADE;GENERAL MEADE
10 RINGS GANGSTER;10 RINGS GANGSTER
ANTON VANKO;ANTON VANKO
AV OPERATOR;AV OPERATOR
REBECCA;REBECCA
EXPO COP;EXPO COP
REBEKA;REBEKA
BAMBI ARBOGAST;BAMBI ARBOGAST
CHESS ROBERTS;CHESS ROBERTS
STRAWBERRY VENDOR;STRAWBERRY VENDOR
YOUNG TONY STARK;YOUNG TONY STARK
HAMMER EXPO TECH;HAMMER EXPO TECH
FRENCH WAITER;FRENCH WAITER
JACK;JACK
IRONETTE DANCER";IRONETTE DANCER"
THOR ODINSON;THOR ODINSON
JANE FOSTER;JANE FOSTER
LOKI;LOKI
ERIK SELVIG;ERIK SELVIG
KING LAUFEY;KING LAUFEY
VOLSTAGG;VOLSTAGG
HEIMDALL;HEIMDALL
DARCY LEWIS;DARCY LEWIS
FRIGGA;FRIGGA
ODIN;ODIN
AGENT COULSON;AGENT COULSON
SIF;SIF
HOGUN;HOGUN
FANDRAL;FANDRAL
ISABELA ALVAREZ;ISABELA ALVAREZ
AGENT SITWELL;AGENT SITWELL
FROST GIANT CAPTAIN;FROST GIANT CAPTAIN
FROST GIANT SENTRY;FROST GIANT SENTRY
FROST GIANT HAILSTRUM;FROST GIANT HAILSTRUM
FROST GIANT BRUTE;FROST GIANT BRUTE
FROST GIANT GRUNDROTH;FROST GIANT GRUNDROTH
FROST GIANT RAZE;FROST GIANT RAZE
EINHERJAR GUARD;EINHERJAR GUARD
AGENT DELANCEY;AGENT DELANCEY
TECHIE;TECHIE
AGENT JACKSON;AGENT JACKSON
AGENT GARRETT;AGENT GARRETT
AGENT CALE;AGENT CALE
SHIELD GUARD;SHIELD GUARD
TOWNIE;TOWNIE
PETE;PETE
STAN THE MAN;STAN THE MAN
DRUNK TOWNIE;DRUNK TOWNIE
PET STORE CLERK;PET STORE CLERK
ADMISSION NURSE;ADMISSION NURSE
ORDERLY;ORDERLY
VIKING MOTHER;VIKING MOTHER
VIKING CHILD;VIKING CHILD
VIKING ELDER;VIKING ELDER
VIKING;VIKING
GUEST;GUEST
YOUNG THOR;YOUNG THOR
YOUNG LOKI;YOUNG LOKI
FROST GIANT;FROST GIANT
NICK FURY;NICK FURY
CLINT BARTON;CLINT BARTON
STEVE ROGERS / CAPTAIN AMERICA;STEVE ROGERS / CAPTAIN AMERICA
PEGGY CARTER;PEGGY CARTER
JOHANN SCHMIDT / RED SKULL;JOHANN SCHMIDT / RED SKULL
COL. CHESTER PHILLIPS;COL. CHESTER PHILLIPS
JAMES BUCHANAN 'BUCKY' BARNES;JAMES BUCHANAN 'BUCKY' BARNES
HEINZ KRUGER;HEINZ KRUGER
ABRAHAM ERSKINE;ABRAHAM ERSKINE
DR. ARNIM ZOLA;DR. ARNIM ZOLA
PRIVATE LORRAINE;PRIVATE LORRAINE
SHIELD AGENT;SHIELD AGENT
JACQUES DERNIER;JACQUES DERNIER
TIMOTHY 'DUM DUM' DUGAN;TIMOTHY 'DUM DUM' DUGAN
GABE JONES;GABE JONES
JIM MORITA;JIM MORITA
JAMES MONTGOMERY FALSWORTH;JAMES MONTGOMERY FALSWORTH
GENERAL;GENERAL
SENATOR BRANDT;SENATOR BRANDT
BRANDT'S AIDE;BRANDT'S AIDE
SHIELD LIEUTENANT;SHIELD LIEUTENANT
GILMORE HODGE;GILMORE HODGE
SEARCH TEAM LEADER;SEARCH TEAM LEADER
SHIELD TECH;SHIELD TECH
JAN;JAN
TOWER KEEPER;TOWER KEEPER
BARMAN;BARMAN
NERVOUS RECRUIT;NERVOUS RECRUIT
CONNIE;CONNIE
BONNIE;BONNIE
4F DOCTOR;4F DOCTOR
LOUD JERK;LOUD JERK
YOUNG DOCTOR;YOUNG DOCTOR
ENLISTMENT OFFICE MP;ENLISTMENT OFFICE MP
STARK GIRL;STARK GIRL
SERGEANT DUFFY;SERGEANT DUFFY
JOHANN SCHMIDT'S ARTIST;JOHANN SCHMIDT'S ARTIST
ANTIQUE STORE OWNER;ANTIQUE STORE OWNER
SSR DOCTOR;SSR DOCTOR
PROJECT REBIRTH NURSE;PROJECT REBIRTH NURSE
KRUGER'S AIDE;KRUGER'S AIDE
UNDERCOVER BUM;UNDERCOVER BUM
ROEDER;ROEDER
HUTTER;HUTTER
SCHNEIDER;SCHNEIDER
THE STAR SPANGLED SINGER;THE STAR SPANGLED SINGER
AUTOGRAPH SEEKER;AUTOGRAPH SEEKER
'ADOLPH HITLER';'ADOLPH HITLER'
ARMY HECKLER;ARMY HECKLER
HYDRA GUARD / HYDRA PILOT;HYDRA GUARD / HYDRA PILOT
MANAGER VELT;MANAGER VELT
CLINT BARTON / HAWKEYE;CLINT BARTON / HAWKEYE
AGENT MARIA HILL;AGENT MARIA HILL
WORLD SECURITY COUNCIL;WORLD SECURITY COUNCIL
SHIELD PILOT;SHIELD PILOT
OLD MAN IN TV REPORT;OLD MAN IN TV REPORT
WAITRESS;WAITRESS
SECURITY GUARD;SECURITY GUARD
CARRIER BRIDGE TECHS;CARRIER BRIDGE TECHS
GALA SCIENTIST;GALA SCIENTIST
CELEBRATION MONTAGE INTERVIEWEE;CELEBRATION MONTAGE INTERVIEWEE
TALL THUG;TALL THUG
GEORGI LUCHKOV;GEORGI LUCHKOV
AGENT JASPER SITWELL;AGENT JASPER SITWELL
THE OTHER;THE OTHER
SENATOR BOYNTON;SENATOR BOYNTON
YOUNG COP;YOUNG COP
NASA SCIENTIST;NASA SCIENTIST
WEASELLY THUG;WEASELLY THUG
YOUNG GIRL;YOUNG GIRL
CALCUTTA WOMAN;CALCUTTA WOMAN
CARRIER BRIDGETECHS;CARRIER BRIDGETECHS
GERMAN OLD MAN;GERMAN OLD MAN
MAINTENANCE GUY;MAINTENANCE GUY
JAPANESE FAMILY;JAPANESE FAMILY
POLICE SERGEANT;POLICE SERGEANT
OFFICE WOMAN;OFFICE WOMAN
NEWS REPORTER;NEWS REPORTER
FACELESS PILOT;FACELESS PILOT
SHAWNA LYNDE;SHAWNA LYNDE
HIMSELF ";HIMSELF "
COLONEL JAMES ""RHODEY"" RHODES / WAR MACHINE;COLONEL JAMES ""RHODEY"" RHODES / WAR MACHINE
ALDRICH KILLIAN / THE MANDARIN;ALDRICH KILLIAN / THE MANDARIN
TREVOR SLATTERY;TREVOR SLATTERY
MAYA HANSEN;MAYA HANSEN
SAVIN;SAVIN
BRANDT;BRANDT
JARVIS (VOICE);JARVIS (VOICE)
PRESIDENT ELLIS;PRESIDENT ELLIS
MRS. DAVIS;MRS. DAVIS
HARLEY KEENER;HARLEY KEENER
VICE PRESIDENT RODRIGUEZ;VICE PRESIDENT RODRIGUEZ
DOCTOR WU (AS WANG XUEQI);DOCTOR WU (AS WANG XUEQI)
HO YINSEN;HO YINSEN
ANNOYING CONFERENCE GUY;ANNOYING CONFERENCE GUY
NEPTUNE'S NET GIRL;NEPTUNE'S NET GIRL
NEPTUNE'S NET BOY;NEPTUNE'S NET BOY
TAGGERT;TAGGERT
HAPPY'S NURSE;HAPPY'S NURSE
HOSPITAL NURSE REPORTER;HOSPITAL NURSE REPORTER
PUSHY TABLOID REPORTER;PUSHY TABLOID REPORTER
HELICOPTER PILOT #1;HELICOPTER PILOT #1
HELICOPTER PILOT #2;HELICOPTER PILOT #2
REPORTER AT HOUSE WRECKAGE;REPORTER AT HOUSE WRECKAGE
MANDARIN STUDIO TECHNICIAN;MANDARIN STUDIO TECHNICIAN
MANDARIN LOOK-OUT;MANDARIN LOOK-OUT
ROSE HILLS SHERRIF;ROSE HILLS SHERRIF
ROSE HILL DEPUTY / EXTREMIS SOLDIER;ROSE HILL DEPUTY / EXTREMIS SOLDIER
ROSE HILL CHRISTMAS TREE SHOPPER;ROSE HILL CHRISTMAS TREE SHOPPER
JUNIOR TECHNICIAN (AS SARAH BURKHARAT);JUNIOR TECHNICIAN (AS SARAH BURKHARAT)
SENIOR TECHNICIAN;SENIOR TECHNICIAN
SATELLITE TECHNICIAN (AS ANDY LAUER);SATELLITE TECHNICIAN (AS ANDY LAUER)
TECHNICAL DIRECTOR;TECHNICAL DIRECTOR
VICE PRESIDENT'S ANALYST;VICE PRESIDENT'S ANALYST
THOMAS RICHARDS;THOMAS RICHARDS
PRESIDENT'S AIDE;PRESIDENT'S AIDE
SCARED INSURGENT;SCARED INSURGENT
LAUGHING INSURGENT;LAUGHING INSURGENT
PAGEANT EMCEE;PAGEANT EMCEE
MISS ELK RIDGE;MISS ELK RIDGE
PAGEANT JUDGE;PAGEANT JUDGE
GARY THE CAMERAMAN;GARY THE CAMERAMAN
CHAD DAVIS;CHAD DAVIS
EXTREMIS CANDIDATE;EXTREMIS CANDIDATE
ROOM SERVICE WAITER / EXTREMIS SOLDIER;ROOM SERVICE WAITER / EXTREMIS SOLDIER
SWEAT SHOP AGENT;SWEAT SHOP AGENT
MANDARIN GUARD;MANDARIN GUARD
MANDARIN GUARD (AS JUAN BOFILL);MANDARIN GUARD (AS JUAN BOFILL)
MANDARIN GUARD (AS PAUL O'CONNOR);MANDARIN GUARD (AS PAUL O'CONNOR)
SLEEPY MANDARIN GIRL;SLEEPY MANDARIN GIRL
ANNOYED MANDARIN GUARD;ANNOYED MANDARIN GUARD
MANDARIN PARTY GIRL #1;MANDARIN PARTY GIRL #1
MANDARIN PARTY GIRL #2;MANDARIN PARTY GIRL #2
TONY'S GUARD;TONY'S GUARD
PONYTAIL EXPRESS;PONYTAIL EXPRESS
RELUCTANT AIM GUARD;RELUCTANT AIM GUARD
AIM PING PONG GIRL;AIM PING PONG GIRL
SECRET SERVICE AGENT;SECRET SERVICE AGENT
VICE PRESIDENT'S DAUGHTER;VICE PRESIDENT'S DAUGHTER
IRON PATRIOT FAN #1;IRON PATRIOT FAN #1
IRON PATRIOT FAN #2;IRON PATRIOT FAN #2
AIR FORCE ONE OFFICER;AIR FORCE ONE OFFICER
NAVY OP;NAVY OP
COMMANDER;COMMANDER
HEATHER;HEATHER
EXTREMIS SOLDIER";EXTREMIS SOLDIER"
DARRYL;DARRYL
ALEXANDER PIERCE;ALEXANDER PIERCE
BUCKY BARNES / WINTER SOLDIER;BUCKY BARNES / WINTER SOLDIER
SAM WILSON / FALCON;SAM WILSON / FALCON
MARIA HILL;MARIA HILL
BROCK RUMLOW;BROCK RUMLOW
JASPER SITWELL;JASPER SITWELL
KATE / AGENT 13;KATE / AGENT 13
SMITHSONIAN GUARD;SMITHSONIAN GUARD
JACK ROLLINS;JACK ROLLINS
COUNCILWOMAN HAWLEY;COUNCILWOMAN HAWLEY
COUNCILMAN SINGH;COUNCILMAN SINGH
COUNCILMAN ROCKWELL;COUNCILMAN ROCKWELL
COUNCILMAN YEN;COUNCILMAN YEN
GEORGES BATROC;GEORGES BATROC
FRENCH PIRATE #1;FRENCH PIRATE #1
FRENCH PIRATE #2;FRENCH PIRATE #2
ENGINE PIRATE;ENGINE PIRATE
FRENCH RADIO PIRATE;FRENCH RADIO PIRATE
SKINNY STEVE;SKINNY STEVE
LAUNCH TECH #1;LAUNCH TECH #1
LAUNCH TECH #2;LAUNCH TECH #2
DR. FINE (AS GOZIE AGBO);DR. FINE (AS GOZIE AGBO)
SHIELD INTERROGATOR #1;SHIELD INTERROGATOR #1
SHIELD INTERROGATOR #2;SHIELD INTERROGATOR #2
SCIENTIST #1;SCIENTIST #1
SCIENTIST #2;SCIENTIST #2
APPLE EMPLOYEE;APPLE EMPLOYEE
COM TECH #1;COM TECH #1
COM TECH #2;COM TECH #2
RENATA (AS BRANKA KATIC);RENATA (AS BRANKA KATIC)
GARCIA;GARCIA
CHARLIE XO;CHARLIE XO
CHARLIE WEAPONS TECH;CHARLIE WEAPONS TECH
LEAD SHIELD PILOT;LEAD SHIELD PILOT
SENIOR SHIELD AGENT;SENIOR SHIELD AGENT
STRIKE SGT. #1;STRIKE SGT. #1
STRIKE SGT. #2;STRIKE SGT. #2
STRIKE AGENT;STRIKE AGENT
25TH FLOOR STRIKE AGENT;25TH FLOOR STRIKE AGENT
SCUDDER;SCUDDER
HUMAN RESOURCES EXECUTIVE;HUMAN RESOURCES EXECUTIVE
DOCTOR;DOCTOR
LEAD EMT;LEAD EMT
CIA INSTRUCTOR;CIA INSTRUCTOR
CAPITOL HILL POLICE;CAPITOL HILL POLICE
FBI AGENT;FBI AGENT
COMMITTEE MEMBER;COMMITTEE MEMBER
LITTLE BOY IN THE SMITHSONIAN;LITTLE BOY IN THE SMITHSONIAN
FURY CAR VOICE (VOICE);FURY CAR VOICE (VOICE)
SHIELD COMPUTER (VOICE);SHIELD COMPUTER (VOICE)
THE SMITHSONIAN NARRATOR (VOICE);THE SMITHSONIAN NARRATOR (VOICE)
DENNIS COOPER;DENNIS COOPER
SQUIRE;SQUIRE
PASSELEWE;PASSELEWE
KING BRUNO THE QUESTIONABLE;KING BRUNO THE QUESTIONABLE
MR. FISHFINGER;MR. FISHFINGER
THE OTHER SQUIRE;THE OTHER SQUIRE
1ST HERALD;1ST HERALD
THE LANDLORD;THE LANDLORD
THE PRINCESS;THE PRINCESS
BISHOP;BISHOP
GRISELDA FISHFINGER;GRISELDA FISHFINGER
1ST FANATIC;1ST FANATIC
WAT DABNEY;WAT DABNEY
SISTER JESSICA;SISTER JESSICA
RED HERRING / BLACK KNIGHT;RED HERRING / BLACK KNIGHT
MAN LIVING IN BARREL;MAN LIVING IN BARREL
THE  PRINCE;THE  PRINCE
FLYING HOGFISH PEASANT;FLYING HOGFISH PEASANT
1ST MERCHANT;1ST MERCHANT
2ND MERCHANT;2ND MERCHANT
3RD MERCHANT;3RD MERCHANT
GUARD AT THE GATE;GUARD AT THE GATE
SERGEANT AT THE GATE;SERGEANT AT THE GATE
FANATICS' LEADER;FANATICS' LEADER
FANATIC;FANATIC
SPAGHETTI EATING FANATIC;SPAGHETTI EATING FANATIC
MRS FISHFINGER;MRS FISHFINGER
MR COOPER SNR;MR COOPER SNR
ARMOURER;ARMOURER
APPRENTICE ARMOURER;APPRENTICE ARMOURER
FLAGELLANT;FLAGELLANT
RATMAN;RATMAN
OLD MAN WITH PETITION;OLD MAN WITH PETITION
1ST PEASANT;1ST PEASANT
SCRUBBER;SCRUBBER
KEVIN FISHFINGER;KEVIN FISHFINGER
LANDLORD'S WIFE;LANDLORD'S WIFE
BRUCE BANNER / HULK;BRUCE BANNER / HULK
ULTRON (VOICE);ULTRON (VOICE)
JAMES RHODES / WAR MACHINE;JAMES RHODES / WAR MACHINE
PIETRO MAXIMOFF / QUICKSILVER;PIETRO MAXIMOFF / QUICKSILVER
WANDA MAXIMOFF / SCARLET WITCH;WANDA MAXIMOFF / SCARLET WITCH
JARVIS (VOICE) / VISION;JARVIS (VOICE) / VISION
SAM WILSON / THE FALCON;SAM WILSON / THE FALCON
LAURA BARTON;LAURA BARTON
DR. HELEN CHO;DR. HELEN CHO
STRUCKER;STRUCKER
ULYSSES KLAUE / KLAW;ULYSSES KLAUE / KLAW
MADAME B;MADAME B
DR. LIST;DR. LIST
FORTRESS SOLDIER;FORTRESS SOLDIER
STRUCKER MERCENARY;STRUCKER MERCENARY
ZRINKA;ZRINKA
COSTEL;COSTEL
SOKOVIAN ACID STUDENT;SOKOVIAN ACID STUDENT
DR. CHO'S ASSISTANT;DR. CHO'S ASSISTANT
KLAUE'S MERCENARY;KLAUE'S MERCENARY
BALLET INSTRUCTOR;BALLET INSTRUCTOR
JOHANNESBURG COP;JOHANNESBURG COP
JOHANNESBURG DRIVER;JOHANNESBURG DRIVER
JOHANNESBURG ONLOOKER;JOHANNESBURG ONLOOKER
JOHANNESBURG ELEVATOR PASSENGER;JOHANNESBURG ELEVATOR PASSENGER
COOPER BARTON;COOPER BARTON
LILA BARTON;LILA BARTON
WORLD HUB TECH;WORLD HUB TECH
KOREAN TRAIN PASSENGER;KOREAN TRAIN PASSENGER
SOKOVIAN FAMILY;SOKOVIAN FAMILY
SOKOVIAN WOMAN;SOKOVIAN WOMAN
TUB FAMILY CHILD;TUB FAMILY CHILD
SOKOVIAN DRIVER;SOKOVIAN DRIVER
SOKOVIAN SUV DRIVER;SOKOVIAN SUV DRIVER
SOKOVIAN SUV PASSENGER;SOKOVIAN SUV PASSENGER
SOKOVIAN POLICE CAPTAIN;SOKOVIAN POLICE CAPTAIN
SPECIALIST CAMERON KLEIN;SPECIALIST CAMERON KLEIN
FRIDAY (VOICE);FRIDAY (VOICE)
NATHANIEL PIETRO BARTON;NATHANIEL PIETRO BARTON
CITIZEN;CITIZEN
LIEUTENANT JAMES RHODES / WAR MACHINE;LIEUTENANT JAMES RHODES / WAR MACHINE
T'CHALLA / BLACK PANTHER;T'CHALLA / BLACK PANTHER
VISION;VISION
SCOTT LANG / ANT-MAN;SCOTT LANG / ANT-MAN
SHARON CARTER;SHARON CARTER
PETER PARKER / SPIDER-MAN;PETER PARKER / SPIDER-MAN
BROCK RUMLOW / CROSSBONES;BROCK RUMLOW / CROSSBONES
SECRETARY OF STATE THADDEUS ROSS;SECRETARY OF STATE THADDEUS ROSS
ZEMO;ZEMO
EVERETT K. ROSS;EVERETT K. ROSS
MAY PARKER;MAY PARKER
MARIA STARK;MARIA STARK
KING T'CHAKA;KING T'CHAKA
KARPOV;KARPOV
AYO;AYO
MIRIAM;MIRIAM
M.I.T. LIAISON;M.I.T. LIAISON
FEDEX DRIVER;FEDEX DRIVER
DR. BROUSSARD;DR. BROUSSARD
HERO MERC #1;HERO MERC #1
MRI TECH;MRI TECH
VICAR;VICAR
JOSEF / SUPER SOLDIER #1;JOSEF / SUPER SOLDIER #1
SUPER SOLDIER #2;SUPER SOLDIER #2
SUPER SOLDIER #3;SUPER SOLDIER #3
SUPER SOLDIER #4;SUPER SOLDIER #4
SUPER SOLDIER #5;SUPER SOLDIER #5
ZEMO'S WIFE (VOICE);ZEMO'S WIFE (VOICE)
ATTACHÉ;ATTACHÉ
MAN AT KIOSK;MAN AT KIOSK
GSG9 TASK FORCE GUNNER;GSG9 TASK FORCE GUNNER
GSG9 TASK FORCE PILOT;GSG9 TASK FORCE PILOT
GERMAN INNKEEPER;GERMAN INNKEEPER
RAFT GUARD;RAFT GUARD
BARGE MAN #1;BARGE MAN #1
BARGE MAN #2;BARGE MAN #2
CUSTODIAN;CUSTODIAN
FUNERAL DIRECTOR;FUNERAL DIRECTOR
WOMAN IN LOBBY #1;WOMAN IN LOBBY #1
WOMAN IN LOBBY #2;WOMAN IN LOBBY #2
DELIVERY TRUCK DRIVER;DELIVERY TRUCK DRIVER
CHOIR;CHOIR
CHINESE NEWSCASTER;CHINESE NEWSCASTER
GERMAN NEWSCASTER #1;GERMAN NEWSCASTER #1
GERMAN NEWSCASTER #2;GERMAN NEWSCASTER #2
BUSBOY (LAGOS);BUSBOY (LAGOS)
WAITER (LAGOS);WAITER (LAGOS)
SECRETARY ROSS'S AIDE;SECRETARY ROSS'S AIDE
HERO MERC #2;HERO MERC #2
HERO MERC #3;HERO MERC #3
HERO MERC #4;HERO MERC #4
TEENAGE GIRL;TEENAGE GIRL
UN STAFFER GIBSON;UN STAFFER GIBSON
STARK'S ASSISTANT;STARK'S ASSISTANT
NURSE;NURSE
CULTURAL ATTACHÉ;CULTURAL ATTACHÉ
PETER QUILL / STAR-LORD;PETER QUILL / STAR-LORD
GAMORA;GAMORA
DRAX;DRAX
BABY GROOT (VOICE);BABY GROOT (VOICE)
ROCKET (VOICE);ROCKET (VOICE)
YONDU;YONDU
NEBULA;NEBULA
MANTIS;MANTIS
STAKAR OGORD;STAKAR OGORD
EGO;EGO
AYESHA;AYESHA
TASERFACE;TASERFACE
KRAGLIN / ON-SET ROCKET;KRAGLIN / ON-SET ROCKET
TULLK;TULLK
MEREDITH QUILL;MEREDITH QUILL
SOVEREIGN CHAMBERMAID;SOVEREIGN CHAMBERMAID
SOVEREIGN PILOT;SOVEREIGN PILOT
SOVEREIGN ADMIRAL;SOVEREIGN ADMIRAL
ZYLAK (AS ALEX KLEIN);ZYLAK (AS ALEX KLEIN)
ZYLAK'S FRENEMY;ZYLAK'S FRENEMY
RETCH;RETCH
OBLO;OBLO
NARBLIK;NARBLIK
HALFNUT;HALFNUT
BRAHL;BRAHL
GEF;GEF
HUHTAR;HUHTAR
""DOWN THERE!"";""DOWN THERE!""
UNSEEN RAVAGER;UNSEEN RAVAGER
ROBOT COURTESAN;ROBOT COURTESAN
ROBOT COURTESAN (AS KENDRA STAUB);ROBOT COURTESAN (AS KENDRA STAUB)
HOWARD THE DUCK (VOICE);HOWARD THE DUCK (VOICE)
HOWARD'S DATE (AS MOLLY QUINN);HOWARD'S DATE (AS MOLLY QUINN)
MARTINEX;MARTINEX
SNEEPER MADAME;SNEEPER MADAME
WATCHER INFORMANT;WATCHER INFORMANT
THE FORM OF DAVID HASSELHOFF;THE FORM OF DAVID HASSELHOFF
OFFICER FITZGIBBON;OFFICER FITZGIBBON
WEIRD OLD MAN (AS JAMES GUNN;WEIRD OLD MAN (AS JAMES GUNN
ADRIAN TOOMES / THE VULTURE;ADRIAN TOOMES / THE VULTURE
HAROLD 'HAPPY' HOGAN;HAROLD 'HAPPY' HOGAN
MICHELLE 'MJ' JONES;MICHELLE 'MJ' JONES
NED;NED
LIZ TOOMES;LIZ TOOMES
AARON DAVIS;AARON DAVIS
EUGENE 'FLASH' THOMPSON;EUGENE 'FLASH' THOMPSON
HERMAN SCHULTZ / SHOCKER #2;HERMAN SCHULTZ / SHOCKER #2
JACKSON 'MONTANA' BRICE / SHOCKER #1;JACKSON 'MONTANA' BRICE / SHOCKER #1
PHINEAS MASON / THE TINKERER;PHINEAS MASON / THE TINKERER
PEPPER POTTS;PEPPER POTTS
KAREN / SUIT LADY (VOICE);KAREN / SUIT LADY (VOICE)
ANNE MARIE HOAG;ANNE MARIE HOAG
COACH WHIZ WILSON;COACH WHIZ WILSON
ROGER HARRINGTON;ROGER HARRINGTON
PRINCIPAL MORITA;PRINCIPAL MORITA
MS. WARREN;MS. WARREN
MAC GARGAN;MAC GARGAN
DORIS TOOMES;DORIS TOOMES
BETTY BRANDT;BETTY BRANDT
SALLY AVRIL;SALLY AVRIL
JASON IONELLO;JASON IONELLO
SEYMOUR O' REILLY;SEYMOUR O' REILLY
ABRAHAM 'ABE' BROWN;ABRAHAM 'ABE' BROWN
CINDY MOON;CINDY MOON
CHARLES MURPHY;CHARLES MURPHY
BRIAN 'TINY' MCKEEVER;BRIAN 'TINY' MCKEEVER
MR. DELMAR;MR. DELMAR
MR. COBBWELL;MR. COBBWELL
TOUR GUIDE;TOUR GUIDE
PUNK ON STREET;PUNK ON STREET
AGENT FOSTER;AGENT FOSTER
GARY;GARY
TBD;TBD
RANDY VALE;RANDY VALE
MR. HAPGOOD;MR. HAPGOOD
STREET VENDOR;STREET VENDOR
CAR JACKER;CAR JACKER
YELLING WOMAN;YELLING WOMAN
YELLING MAN;YELLING MAN
DAY SLEEPER;DAY SLEEPER
THAI WAITER;THAI WAITER
HISTORY TEACHER;HISTORY TEACHER
TENT KID;TENT KID
PARK RANGER;PARK RANGER
DECATHLON MODERATOR;DECATHLON MODERATOR
FERRY KID;FERRY KID
FERRY MOM;FERRY MOM
FERRY COMMUTER;FERRY COMMUTER
YEAH SPIDER-MAN GUY;YEAH SPIDER-MAN GUY
DEAN CRIMSON;DEAN CRIMSON
STARK TOWER TECHNICIAN;STARK TOWER TECHNICIAN
STARK TOWER EMPLOYEE;STARK TOWER EMPLOYEE
NYC PEDESTRIAN;NYC PEDESTRIAN
HIGH SCHOOL STUDENT;HIGH SCHOOL STUDENT
PARTY GIRL;PARTY GIRL
NYC COMMUTER;NYC COMMUTER
FERRY PASSENGER;FERRY PASSENGER
BANK CUSTOMER;BANK CUSTOMER
UNHAPPY TEEN;UNHAPPY TEEN
INDIAN FLOWER GIRL;INDIAN FLOWER GIRL
HOMECOMING DANCE STUDENT;HOMECOMING DANCE STUDENT
DRAMA CLUB STUDENT;DRAMA CLUB STUDENT
GIRL ON ELEVATOR;GIRL ON ELEVATOR
PRISON GUARD;PRISON GUARD
FIREFIGHTER;FIREFIGHTER
DECATHLON COMPETITOR;DECATHLON COMPETITOR
SKATEBOARDER;SKATEBOARDER
MIDTOWN STUDENT;MIDTOWN STUDENT
NY PEDESTRIAN;NY PEDESTRIAN
NYPD OFFICER;NYPD OFFICER
COMMUTER;COMMUTER
RABBI ON SUBWAY;RABBI ON SUBWAY
DODC GUARD;DODC GUARD
STREET VENDOR / PEDESTRIAN;STREET VENDOR / PEDESTRIAN
PHOTOGRAPHER;PHOTOGRAPHER
NEW YORKER;NEW YORKER
COLLEGE RECRUITER;COLLEGE RECRUITER
METRO POLICE OFFICER;METRO POLICE OFFICER
CONSTRUCTION WORKER;CONSTRUCTION WORKER
FDNY FIREFIGHTER;FDNY FIREFIGHTER
TONY STARK'S TECHNICIAN;TONY STARK'S TECHNICIAN
STUDENT / WEDDING GUEST;STUDENT / WEDDING GUEST
AVENGER'S STAFF AGENT;AVENGER'S STAFF AGENT
STUDENT;STUDENT
INMATE;INMATE
SCREAMING GIRL #2;SCREAMING GIRL #2
DC NEWS REPORTER;DC NEWS REPORTER
STARK VTOL PILOT;STARK VTOL PILOT
NED LEED'S DAD;NED LEED'S DAD
VULTURE HENCHMAN;VULTURE HENCHMAN
PARTY GOER;PARTY GOER
MASCOT;MASCOT
FIREMAN;FIREMAN
HELA;HELA
BRUNNHILDE / VALKYRIE;BRUNNHILDE / VALKYRIE
GRANDMASTER;GRANDMASTER
SKURGE;SKURGE
STEPHEN STRANGE / DOCTOR STRANGE;STEPHEN STRANGE / DOCTOR STRANGE
TOPAZ;TOPAZ
KORG / SURTUR (MO-CAP);KORG / SURTUR (MO-CAP)
SURTUR (VOICE);SURTUR (VOICE)
BARBER;BARBER
ACTOR ODIN;ACTOR ODIN
ACTOR THOR;ACTOR THOR
ACTOR LOKI;ACTOR LOKI
ASGARDIAN DATE #1;ASGARDIAN DATE #1
ASGARDIAN DATE #2;ASGARDIAN DATE #2
ACTOR SIF;ACTOR SIF
ODIN'S ASSISTANT;ODIN'S ASSISTANT
COLLEGE GIRL #1;COLLEGE GIRL #1
COLLEGE GIRL #2;COLLEGE GIRL #2
LEAD SCRAPPER;LEAD SCRAPPER
GOLDEN LADY #1;GOLDEN LADY #1
GOLDEN LADY #2;GOLDEN LADY #2
COUSIN CARLO;COUSIN CARLO
BEERBOT 5000;BEERBOT 5000
WARDEN;WARDEN
ASGARDIAN DAUGHTER;ASGARDIAN DAUGHTER
ASGARDIAN MOTHER;ASGARDIAN MOTHER
ASGARDIAN UNCLE;ASGARDIAN UNCLE
ASGARDIAN SON;ASGARDIAN SON
VALKYRIE SISTER #1;VALKYRIE SISTER #1
VALKYRIE SISTER #2;VALKYRIE SISTER #2
ASGARDIAN WOMAN;ASGARDIAN WOMAN
ASGARDIAN MAN;ASGARDIAN MAN
ASGARDIAN;ASGARDIAN
ASGARDIAN SERVANT;ASGARDIAN SERVANT
GM PILOT;GM PILOT
GRANDMASTER VIP;GRANDMASTER VIP
NEW YORK BUSINESSMAN;NEW YORK BUSINESSMAN
TWIN SAKAARAN CITIZEN;TWIN SAKAARAN CITIZEN
CHARLES XAVIER / PROFESSOR X;CHARLES XAVIER / PROFESSOR X
LOGAN / WOLVERINE;LOGAN / WOLVERINE
ERIC LENSHERR / MAGNETO;ERIC LENSHERR / MAGNETO
ORORO MUNROE / STORM;ORORO MUNROE / STORM
JEAN GREY / PHOENIX;JEAN GREY / PHOENIX
SCOTT SUMMERS / CYCLOPS;SCOTT SUMMERS / CYCLOPS
MARIE D'ANCANTO / ROGUE;MARIE D'ANCANTO / ROGUE
RAVEN DARKHOLME / MYSTIQUE;RAVEN DARKHOLME / MYSTIQUE
MORTIMER TOYNBEE / TOAD;MORTIMER TOYNBEE / TOAD
VICTOR CREED / SABRETOOTH;VICTOR CREED / SABRETOOTH
SENATOR KELLY;SENATOR KELLY
HENRY GYRICH;HENRY GYRICH
MAGNETO'S MOTHER;MAGNETO'S MOTHER
MAGNETO'S FATHER;MAGNETO'S FATHER
ROGUE'S BOYFRIEND;ROGUE'S BOYFRIEND
HOT DOG VENDOR;HOT DOG VENDOR
BOBBY DRAKE / ICEMAN;BOBBY DRAKE / ICEMAN
KATHERINE ""KITTY"" PRYDE / SHADOWCAT;KATHERINE ""KITTY"" PRYDE / SHADOWCAT
JOHN ALLERDYCE / PYRO ";JOHN ALLERDYCE / PYRO "
WILLIAM STRYKER;WILLIAM STRYKER
KURT WAGNER / NIGHTCRAWLER;KURT WAGNER / NIGHTCRAWLER
YURIKO OYAMA / LADY DEATHSTRIKE;YURIKO OYAMA / LADY DEATHSTRIKE
JOHN ALLERDYCE / PYRO;JOHN ALLERDYCE / PYRO
JUBILEE;JUBILEE
ARTIE;ARTIE
THERESA CASSIDY / SIRYN;THERESA CASSIDY / SIRYN
JASON 143;JASON 143
DOUGLAS RAMSEY / CYPHER;DOUGLAS RAMSEY / CYPHER
PIOTR RASPUTIN / COLOSSUS;PIOTR RASPUTIN / COLOSSUS
SURGEON;SURGEON
PRESIDENT MCKENNA;PRESIDENT MCKENNA
WHITE HOUSE TOUR GUIDE;WHITE HOUSE TOUR GUIDE
STRYKER SOLDIER #1;STRYKER SOLDIER #1
OVAL OFFICE AGENT CARTWRIGHT;OVAL OFFICE AGENT CARTWRIGHT
CAPTURED X-KID;CAPTURED X-KID
DR. HANK MCCOY";DR. HANK MCCOY"
ERIC LEHNSHERR / MAGNETO;ERIC LEHNSHERR / MAGNETO
DR. HENRY 'HANK' MCCOY / BEAST;DR. HENRY 'HANK' MCCOY / BEAST
CAIN MARKO / JUGGERNAUT;CAIN MARKO / JUGGERNAUT
WARREN WORTHINGTON III / ANGEL;WARREN WORTHINGTON III / ANGEL
CALLISTO;CALLISTO
JIMMY / LEECH;JIMMY / LEECH
QUENTIN QUIRE / KID OMEGA;QUENTIN QUIRE / KID OMEGA
JAMIE MADROX / MULTIPLE MAN;JAMIE MADROX / MULTIPLE MAN
PHILIPPA SONTAG / ARCLIGHT;PHILIPPA SONTAG / ARCLIGHT
BETSY BRADDOCK / PSYLOCKE;BETSY BRADDOCK / PSYLOCKE
JUBILATION LEE / JUBILEE;JUBILATION LEE / JUBILEE
THERESA ROURKE CASSIDY / SIRYN;THERESA ROURKE CASSIDY / SIRYN
WARREN WORTHINGTON II;WARREN WORTHINGTON II
DR. KAVITA RAO;DR. KAVITA RAO
THE PRESIDENT;THE PRESIDENT
TRASK;TRASK
YOUNG JEAN GREY;YOUNG JEAN GREY
YOUNG ANGEL;YOUNG ANGEL
WATERHOSE MAN;WATERHOSE MAN
MINIVAN SON #2;MINIVAN SON #2
MOIRA MCTAGGERT ";MOIRA MCTAGGERT "
WOLVERINE / WEAPON X;WOLVERINE / WEAPON X
STRYKER;STRYKER
KAYLA SILVERFOX / SILVER FOX;KAYLA SILVERFOX / SILVER FOX
DEADPOOL / WEAPON XI;DEADPOOL / WEAPON XI
JOHN WRAITH / KESTREL;JOHN WRAITH / KESTREL
REMY LEBEAU / THE GAMBIT;REMY LEBEAU / THE GAMBIT
FRED DUKES / BLOB;FRED DUKES / BLOB
CHRIS BRADLEY / BOLT;CHRIS BRADLEY / BOLT
DAVID NORTH / AGENT ZERO;DAVID NORTH / AGENT ZERO
HEATHER HUDSON;HEATHER HUDSON
TRAVIS HUDSON;TRAVIS HUDSON
JAMES;JAMES
YOUNG VICTOR;YOUNG VICTOR
JOHN HOWLETT;JOHN HOWLETT
THOMAS LOGAN;THOMAS LOGAN
ELIZABETH HOWLETT;ELIZABETH HOWLETT
FIRING SQUAD LEADER;FIRING SQUAD LEADER
CARNIVAL GUY;CARNIVAL GUY
CARNIVAL GIRL;CARNIVAL GIRL
SCHOOL CHILD;SCHOOL CHILD
LOGGING SUPERVISOR;LOGGING SUPERVISOR
PHELAN;PHELAN
MARCUSE;MARCUSE
VAN MIER;VAN MIER
BARTENDER;BARTENDER
MALE NURSE #1;MALE NURSE #1
MALE NURSE #2;MALE NURSE #2
DR. CORNELIUS;DR. CORNELIUS
DR. CAROL FROST;DR. CAROL FROST
LEAD TECHNICIAN - ALKALI LAKE;LEAD TECHNICIAN - ALKALI LAKE
GENERAL MUNSON;GENERAL MUNSON
PLATOON LEADER;PLATOON LEADER
MUTTERING MAN;MUTTERING MAN
NERVOUS AFRICAN WOMAN;NERVOUS AFRICAN WOMAN
STRYKER AIDE;STRYKER AIDE
CURTIS;CURTIS
KAYLA'S SISTER / EMMA;KAYLA'S SISTER / EMMA
POKER PLAYER;POKER PLAYER
WOMAN OF THE NIGHT;WOMAN OF THE NIGHT
HUGE DOORMAN;HUGE DOORMAN
DRUNKEN MAN IN ALLEY;DRUNKEN MAN IN ALLEY
DRIVER;DRIVER
AFRICAN BUSINESSMAN;AFRICAN BUSINESSMAN
TEACHER;TEACHER
SPECIAL FORCES COMMANDER;SPECIAL FORCES COMMANDER
VIETNAMESE CHILD;VIETNAMESE CHILD
HUNTER #1;HUNTER #1
HUNTER #2;HUNTER #2
VIETNAM ARMY OFFICER;VIETNAM ARMY OFFICER
TANK SOLDIER;TANK SOLDIER
VIETNAMESE MAN;VIETNAMESE MAN
VIETNAMESE WOMAN;VIETNAMESE WOMAN
MUTANT TWIN #1;MUTANT TWIN #1
MUTANT TWIN #2;MUTANT TWIN #2
WEAPON XI;WEAPON XI
ERIK LEHNSHERR / MAGNETO;ERIK LEHNSHERR / MAGNETO
SEBASTIAN SHAW / BLACK BISHOP;SEBASTIAN SHAW / BLACK BISHOP
MOIRA MACTAGGERT;MOIRA MACTAGGERT
HANK MCCOY / BEAST;HANK MCCOY / BEAST
EMMA FROST / WHITE QUEEN;EMMA FROST / WHITE QUEEN
AZAZEL;AZAZEL
ALEX SUMMERS / HAVOK;ALEX SUMMERS / HAVOK
SEAN CASSIDY / BANSHEE;SEAN CASSIDY / BANSHEE
ANGEL SALVADORE / TEMPEST;ANGEL SALVADORE / TEMPEST
MAN IN BLACK SUIT;MAN IN BLACK SUIT
ARMANDO MUÑOZ / DARWIN;ARMANDO MUÑOZ / DARWIN
JANOS QUESTED / RIPTIDE;JANOS QUESTED / RIPTIDE
CIA DIRECTOR MCCONE;CIA DIRECTOR MCCONE
RUSSIAN GENERAL;RUSSIAN GENERAL
COLONEL HENDRY;COLONEL HENDRY
CAPTAIN;CAPTAIN
YOUNG RAVEN (10 YRS);YOUNG RAVEN (10 YRS)
CHARLES XAVIER (12 YEARS);CHARLES XAVIER (12 YEARS)
MRS. XAVIER;MRS. XAVIER
YOUNG ERIK;YOUNG ERIK
LEVENE;LEVENE
US GENERAL;US GENERAL
SECRETARY OF STATE;SECRETARY OF STATE
MYSTIQUE - OLDER;MYSTIQUE - OLDER
SOVIET NCO;SOVIET NCO
RUSSIAN GENERAL'S BODYGUARD;RUSSIAN GENERAL'S BODYGUARD
CHIEF WARDEN;CHIEF WARDEN
CO-ED;CO-ED
EDIE LENSHERR;EDIE LENSHERR
MAN IN BLACK SUIT AGENT;MAN IN BLACK SUIT AGENT
ARAL SEA CAPTAIN;ARAL SEA CAPTAIN
MR. LENSHERR (ERIK'S DAD);MR. LENSHERR (ERIK'S DAD)
SWISS BANK MANAGER;SWISS BANK MANAGER
1ST GERMAN / PIG FARMER;1ST GERMAN / PIG FARMER
2ND GERMAN / TAILOR;2ND GERMAN / TAILOR
SHINGEN;SHINGEN
HARADA;HARADA
MARIKO YASHIDA;MARIKO YASHIDA
YUKIO;YUKIO
MADAME HYDRA / VIPER;MADAME HYDRA / VIPER
YASHIDA;YASHIDA
NOBURO MORI;NOBURO MORI
YOUNG YASHIDA;YOUNG YASHIDA
POCK-FACE;POCK-FACE
AYA;AYA
RED BEARD;RED BEARD
BAR MAN (RED BEARD'S FRIEND);BAR MAN (RED BEARD'S FRIEND)
YUKON BAR PATRON;YUKON BAR PATRON
BUDDHIST PRIEST;BUDDHIST PRIEST
FRUIT CART VENDOR;FRUIT CART VENDOR
DYING YAKUZA;DYING YAKUZA
YASHIDA SECURITY GUARD;YASHIDA SECURITY GUARD
CHARLES XAVIER / PROFESSOR X (YOUNG);CHARLES XAVIER / PROFESSOR X (YOUNG)
ERIK LEHNSHERR / MAGNETO (YOUNG);ERIK LEHNSHERR / MAGNETO (YOUNG)
BOLIVAR TRASK;BOLIVAR TRASK
ERIK LEHNSHERR / MAGNETO (OLD);ERIK LEHNSHERR / MAGNETO (OLD)
CHARLES XAVIER / PROFESSOR X (OLD);CHARLES XAVIER / PROFESSOR X (OLD)
HANK MCCOY / BEAST (OLDER);HANK MCCOY / BEAST (OLDER)
LUCAS BISHOP;LUCAS BISHOP
CLARICE FERGUSON / BLINK;CLARICE FERGUSON / BLINK
ROBERTO DA COSTA / SUNSPOT;ROBERTO DA COSTA / SUNSPOT
JAMES PROUDSTAR / WARPATH;JAMES PROUDSTAR / WARPATH
CONGRESMAN DAVIS;CONGRESMAN DAVIS
CONGRESSMAN PARKER;CONGRESSMAN PARKER
SENATOR BRICKMAN;SENATOR BRICKMAN
INK;INK
PRESIDENT RICHARD NIXON;PRESIDENT RICHARD NIXON
MAN WITH A MOVIE CAMERA;MAN WITH A MOVIE CAMERA
EN SABAH NUR;EN SABAH NUR
GROUNDSKEEPER;GROUNDSKEEPER
PINSTRIPE MAFIOSO;PINSTRIPE MAFIOSO
COL. SANDERS;COL. SANDERS
VIETNAM MP GUARD;VIETNAM MP GUARD
MUTANT SOLDIER;MUTANT SOLDIER
QUARANTINE DOCTOR;QUARANTINE DOCTOR
CONGRESSMAN MCCARTER;CONGRESSMAN MCCARTER
TRASK SECRETARY;TRASK SECRETARY
MS. MAXIMOFF;MS. MAXIMOFF
PENTAGON TOUR GUIDE;PENTAGON TOUR GUIDE
SURVEILLANCE GUARD;SURVEILLANCE GUARD
PENTAGON COOK;PENTAGON COOK
PENTAGON ELEVATOR GUARD;PENTAGON ELEVATOR GUARD
ARMED KITCHEN GUARD;ARMED KITCHEN GUARD
GENERAL NHUAN;GENERAL NHUAN
VIETNAMESE CAPTAIN;VIETNAMESE CAPTAIN
GENERAL PETROV;GENERAL PETROV
PEACE SUMMIT REPORTER;PEACE SUMMIT REPORTER
NIXON AIDE;NIXON AIDE
SECRETARY OF DEFENSE;SECRETARY OF DEFENSE
US ARMY GENERAL;US ARMY GENERAL
DESK ANCHOR;DESK ANCHOR
FRENCH EMERGENCY NURSE;FRENCH EMERGENCY NURSE
FRENCH TV REPORTER;FRENCH TV REPORTER
FEMALE TRAVELER;FEMALE TRAVELER
BLUE SUIT TRAVELER;BLUE SUIT TRAVELER
AIRPORT BACKPACKER;AIRPORT BACKPACKER
WHITE HOUSE REPORTER;WHITE HOUSE REPORTER
WHITE HOUSE TICKET MAN;WHITE HOUSE TICKET MAN
POTOMAC RIVER COP;POTOMAC RIVER COP
CHINESE TRANSLATOR";CHINESE TRANSLATOR"
PROFESSOR CHARLES XAVIER;PROFESSOR CHARLES XAVIER
EN SABAH NUR / APOCALYPSE;EN SABAH NUR / APOCALYPSE
COL. WILLIAM STRYKER;COL. WILLIAM STRYKER
ELIZABETH 'BETSY' BRADDOCK / PSYLOCKE;ELIZABETH 'BETSY' BRADDOCK / PSYLOCKE
HORSEMAN - PESTILENCE;HORSEMAN - PESTILENCE
HORSEMAN - FAMINE;HORSEMAN - FAMINE
HORSEMAN - DEATH;HORSEMAN - DEATH
HORSEMAN - WAR;HORSEMAN - WAR
LEAD CONSPIRACY GUARD;LEAD CONSPIRACY GUARD
CONSPIRATOR GUARD;CONSPIRATOR GUARD
HIGH PRIEST;HIGH PRIEST
OLD APOCALYPSE;OLD APOCALYPSE
SCOTT'S TEACHER;SCOTT'S TEACHER
SCHOOL JOCK;SCHOOL JOCK
SCHOOL CHEERLEADER;SCHOOL CHEERLEADER
FIGHT ANNOUNCER;FIGHT ANNOUNCER
DEFEATED ""BLOB"";DEFEATED ""BLOB""
ELECTRIC PANEL GUARD;ELECTRIC PANEL GUARD
MR. SUMMERS;MR. SUMMERS
MRS. SUMMERS;MRS. SUMMERS
FALAFEL SHOP OWNER;FALAFEL SHOP OWNER
CLAN AKKABA LEADER;CLAN AKKABA LEADER
CLAN AKKABA DISCIPLE;CLAN AKKABA DISCIPLE
MAGDA;MAGDA
NINA;NINA
CAIRO SHOE SHOP VENDOR;CAIRO SHOE SHOP VENDOR
MILOSZ;MILOSZ
POLISH WORKER;POLISH WORKER
LEAD POLISH INSPECTOR;LEAD POLISH INSPECTOR
JAKOB;JAKOB
POLISH POLICE ARCHER;POLISH POLICE ARCHER
THREATENING CAIRO VENDOR;THREATENING CAIRO VENDOR
EGYPTIAN STREET VENDOR;EGYPTIAN STREET VENDOR
CALIBAN;CALIBAN
CNN REPORTER;CNN REPORTER
NEWS ANCHOR;NEWS ANCHOR
PENTAGON GENERAL HASTINGS;PENTAGON GENERAL HASTINGS
PENTAGON GENERAL RADFORD;PENTAGON GENERAL RADFORD
PENTAGON GENERAL FIELDS;PENTAGON GENERAL FIELDS
DEFENSE SECRETARY WEISBERG;DEFENSE SECRETARY WEISBERG
MILITARY OFFICIAL BROWN;MILITARY OFFICIAL BROWN
MILITARY SUBMARINE OFFICIAL;MILITARY SUBMARINE OFFICIAL
AIR FORCE OFFICIAL;AIR FORCE OFFICIAL
FOYER STUDENT;FOYER STUDENT
FISH BOWL GIRL;FISH BOWL GIRL
KISSING GIRL;KISSING GIRL
KISSING GUY;KISSING GUY
COMPUTER GUY;COMPUTER GUY
DARTS GUY;DARTS GUY
TAB GIRL;TAB GIRL
PIZZA DOG;PIZZA DOG
STUDENT IN DRAPES;STUDENT IN DRAPES
TABLE SURFING STUDENT;TABLE SURFING STUDENT
ALKALI SOLDIER;ALKALI SOLDIER
ALKALI GUARD;ALKALI GUARD
ALKALI COMMUNICATIONS OFFICER;ALKALI COMMUNICATIONS OFFICER
CONFUSED TECH;CONFUSED TECH
KENYAN TEACHER;KENYAN TEACHER
PENTAGON SCIENTIST;PENTAGON SCIENTIST
FISHING BOAT CAPTAIN;FISHING BOAT CAPTAIN
FINSHERMAN;FINSHERMAN
HARBOR MASTER;HARBOR MASTER
HARBOR EMPLOYEE;HARBOR EMPLOYEE
RUSSIAN SUBMARINE SAILORS;RUSSIAN SUBMARINE SAILORS
RUSSIAN SUBMARINE SAILOR;RUSSIAN SUBMARINE SAILOR
US WEAPONS TECHNICIAN;US WEAPONS TECHNICIAN
MYSTERY MAN";MYSTERY MAN"
WOLVERINE / X-24;WOLVERINE / X-24
LAURA KINNEY / X-23;LAURA KINNEY / X-23
DONALD PIERCE;DONALD PIERCE
DR. ZANDER RICE;DR. ZANDER RICE
LAURA (DOUBLE);LAURA (DOUBLE)
WILL MUNSON;WILL MUNSON
KATHRYN MUNSON;KATHRYN MUNSON
GABRIELA LOPEZ;GABRIELA LOPEZ
MARIA;MARIA
RHODES;RHODES
VALET;VALET
RICTOR;RICTOR
MOHAWK;MOHAWK
DELILAH;DELILAH
NATE MUNSON;NATE MUNSON
FEDERALE COMMANDER;FEDERALE COMMANDER
FEDERALE LIEUTENANT;FEDERALE LIEUTENANT
FEDERALE;FEDERALE
REY (AS REY GALLEGOS);REY (AS REY GALLEGOS)
MACON;MACON
BONE BREAKER;BONE BREAKER
PRETTY BOY;PRETTY BOY
REAVER;REAVER
MOTEL MANAGER;MOTEL MANAGER
BOBBY;BOBBY
CHARLOTTE;CHARLOTTE
LIZARD BOY;LIZARD BOY
MEXICAN STAFF MEMBER;MEXICAN STAFF MEMBER
JACKSON;JACKSON
OLD DOCTOR;OLD DOCTOR
PROM TEEN #1;PROM TEEN #1
PROM TEEN #2;PROM TEEN #2
PROM TEEN #3;PROM TEEN #3
PROM TEEN #4;PROM TEEN #4
BRIDESMAID;BRIDESMAID
PASTOR;PASTOR
MOURNING WIDOW;MOURNING WIDOW
INFIRMARY NURSE;INFIRMARY NURSE
CAR DEALER;CAR DEALER
MAJOR;MAJOR
BANGER;BANGER
PINE CONE GIRL;PINE CONE GIRL
JONAH;JONAH
MUTANT CHILD;MUTANT CHILD
GLOWING EYES BOY;GLOWING EYES BOY
JACKSON'S HENCHMAN;JACKSON'S HENCHMAN
SCREAMING CASINO WOMAN;SCREAMING CASINO WOMAN
BUMPY SKINNED KID;BUMPY SKINNED KID
BORDER GUARD;BORDER GUARD
CONVENIENCE STORE CLERK;CONVENIENCE STORE CLERK
WADE WILSON / DEADPOOL;WADE WILSON / DEADPOOL
VANESSA CARLYSLE / COPYCAT;VANESSA CARLYSLE / COPYCAT
FRANCIS FREEMAN / AJAX;FRANCIS FREEMAN / AJAX
JACK ""WEASEL"" HAMMER;JACK ""WEASEL"" HAMMER
CHRISTINA / ANGEL DUST;CHRISTINA / ANGEL DUST
BLIND AL;BLIND AL
ELLIE PHIMISTER / NEGASONIC TEENAGE WARHEAD;ELLIE PHIMISTER / NEGASONIC TEENAGE WARHEAD
THE RECRUITER;THE RECRUITER
PIOTR RASPUTIN / COLOSSUS (VOICE);PIOTR RASPUTIN / COLOSSUS (VOICE)
DOPINDER;DOPINDER
BUCK;BUCK
BOOTHE;BOOTHE
WARLORD;WARLORD
JEREMY (PIZZA GUY);JEREMY (PIZZA GUY)
GAVIN MERCHANT;GAVIN MERCHANT
MEGHAN ORLOVSKY;MEGHAN ORLOVSKY
TEEN GIRL #1;TEEN GIRL #1
TEEN GIRL #2;TEEN GIRL #2
ARCADE TICKET TAKER;ARCADE TICKET TAKER
ONCOLOGIST;ONCOLOGIST
DAVID CUNNINGHAM;DAVID CUNNINGHAM
CHINATOWN MERCHANT;CHINATOWN MERCHANT
WHISPER GIRLFRIEND;WHISPER GIRLFRIEND
WHISPER BOYFRIEND;WHISPER BOYFRIEND
POOL HALL GOON;POOL HALL GOON
FIGHT CLUB BOSS;FIGHT CLUB BOSS
GARBAGE TRUCK DRIVER;GARBAGE TRUCK DRIVER
SUPER SOLDIER #1;SUPER SOLDIER #1
STRIP CLUB DJ;STRIP CLUB DJ
NO5 ORANGE MANAGER;NO5 ORANGE MANAGER
STRIP CLUB WORKER;STRIP CLUB WORKER
FLIGHT DECK GUARD;FLIGHT DECK GUARD
BOB";BOB"
BLADE;BLADE
DEACON FROST;DEACON FROST
WHISTLER;WHISTLER
KAREN;KAREN
QUINN;QUINN
DRAGONETTI;DRAGONETTI
MERCURY;MERCURY
RACQUEL;RACQUEL
KRIEGER;KRIEGER
CURTIS WEBB;CURTIS WEBB
VANESSA;VANESSA
PEARL;PEARL
SENIOR RESIDENT;SENIOR RESIDENT
RESIDENT;RESIDENT
HEATSEEKING DENNIS;HEATSEEKING DENNIS
CREEPY MORGUE GUY;CREEPY MORGUE GUY
PALLANTINE;PALLANTINE
JAPANESE DOORMAN;JAPANESE DOORMAN
KAM;KAM
PARAMEDIC;PARAMEDIC
PRAGMATIC POLICEMAN;PRAGMATIC POLICEMAN
BLOOD CLUB BOUNCER;BLOOD CLUB BOUNCER
MARTIAL ARTS KID;MARTIAL ARTS KID
LYLE CONWAY;LYLE CONWAY
MENACING STUD;MENACING STUD
VAMPIRE UNDERLING;VAMPIRE UNDERLING
FROST'S GOON;FROST'S GOON
VON ESPER;VON ESPER
CREASE;CREASE
PLEADING GOON;PLEADING GOON
SLAVIC VAMPIRE LORD;SLAVIC VAMPIRE LORD
RUSSIAN WOMAN;RUSSIAN WOMAN
RUSSIAN VAMPIRE;RUSSIAN VAMPIRE
CARDBOARD CUT-OUT IN SUBWAY;CARDBOARD CUT-OUT IN SUBWAY
VAMPIRE VICTIM;VAMPIRE VICTIM
BLOOD BATH VAMPIRE;BLOOD BATH VAMPIRE
REINHARDT;REINHARDT
NYSSA;NYSSA
SCUD;SCUD
DAMASKINOS;DAMASKINOS
NOMAK;NOMAK
CHUPA;CHUPA
ASAD;ASAD
SNOWMAN;SNOWMAN
KOUNEN;KOUNEN
VERLAINE;VERLAINE
PRIEST;PRIEST
LIGHTHAMMER;LIGHTHAMMER
RUSH;RUSH
JIGSAW;JIGSAW
GOLEM;GOLEM
BLOOD BANK DOCTOR / REAPER;BLOOD BANK DOCTOR / REAPER
BLOOD BANK GUARD / REAPER;BLOOD BANK GUARD / REAPER
BLOOD BANK NURSE;BLOOD BANK NURSE
DRUG DEALER;DRUG DEALER
BLOOD BANK GUARD;BLOOD BANK GUARD
VAMPIRE WITH EXPOSED SPINE;VAMPIRE WITH EXPOSED SPINE
REAPER;REAPER
ST. CLOUD;ST. CLOUD
CHOAD;CHOAD
LITTLE G;LITTLE G
TEA BAG;TEA BAG
MAN IN LONDON PORNO SHOP;MAN IN LONDON PORNO SHOP
YOUNG BLADE;YOUNG BLADE
DRAKE;DRAKE
ABIGAIL WHISTLER;ABIGAIL WHISTLER
HANNIBAL KING;HANNIBAL KING
DANICA TALOS;DANICA TALOS
CHIEF MARTIN VREEDE;CHIEF MARTIN VREEDE
DR. EDGAR VANCE;DR. EDGAR VANCE
ASHER TALOS;ASHER TALOS
JARKO GRIMWOOD;JARKO GRIMWOOD
WOLFE;WOLFE
VIRAGO;VIRAGO
WILSON HALE;WILSON HALE
RAY CUMBERLAND;RAY CUMBERLAND
SOMMERFIELD;SOMMERFIELD
ZOE;ZOE
HEDGES;HEDGES
BENTLEY TITTLE;BENTLEY TITTLE
GOTH VIXEN WANNABE;GOTH VIXEN WANNABE
STONE;STONE
JOHNNY BLAZE / GHOST RIDER;JOHNNY BLAZE / GHOST RIDER
ROXANNE SIMPSON;ROXANNE SIMPSON
BLACKHEART / BLACK KING;BLACKHEART / BLACK KING
MACK;MACK
CARTER SLADE / PHANTOM RIDER;CARTER SLADE / PHANTOM RIDER
MEPHISTOPHELES;MEPHISTOPHELES
BARTON BLAZE;BARTON BLAZE
YOUNG JOHNNY BLAZE;YOUNG JOHNNY BLAZE
YOUNG ROXANNE SIMPSON;YOUNG ROXANNE SIMPSON
TEAM BLAZE;TEAM BLAZE
X GAMES ANNOUNCER;X GAMES ANNOUNCER
MOTORCYCLE GANG MEMBER;MOTORCYCLE GANG MEMBER
BROKEN SPOKE WAITRESS;BROKEN SPOKE WAITRESS
GOTH GIRL IN ALLEY;GOTH GIRL IN ALLEY
WALLOW;WALLOW
ABIGOR;ABIGOR
ROARKE / THE DEVIL;ROARKE / THE DEVIL
NADYA;NADYA
DANNY;DANNY
RAY CARRIGAN / BLACKOUT;RAY CARRIGAN / BLACKOUT
METHODIUS;METHODIUS
MOREAU;MOREAU
BENEDICT;BENEDICT
GRANNIK;GRANNIK
TERROKOV;TERROKOV
TOMA NIKASEVIC;TOMA NIKASEVIC
DR. REED RICHARDS;DR. REED RICHARDS
JOHNNY STORM;JOHNNY STORM
SUSAN STORM;SUSAN STORM
BEN GRIMM;BEN GRIMM
DR. DOOM / VICTOR VON DOOM;DR. DOOM / VICTOR VON DOOM
THING;THING
JEWELER;JEWELER
PROFESSOR;PROFESSOR
ALICIA MASTERS;ALICIA MASTERS
WEASEL;WEASEL
MRS. STORM;MRS. STORM
KRAGSTADT;KRAGSTADT
TRIGORIN;TRIGORIN
DR. HAUPTMAN;DR. HAUPTMAN
MESSENGER;MESSENGER
REED RICHARDS / MR. FANTASTIC;REED RICHARDS / MR. FANTASTIC
SUE RICHARDS / INVISIBLE WOMAN;SUE RICHARDS / INVISIBLE WOMAN
JOHNNY STORM / HUMAN TORCH;JOHNNY STORM / HUMAN TORCH
BEN GRIMM / THE THING;BEN GRIMM / THE THING
VICTOR VON DOOM / DOCTOR DOOM;VICTOR VON DOOM / DOCTOR DOOM
GENERAL HAGER;GENERAL HAGER
NORRIN RADD / SILVER SURFER (VOICE);NORRIN RADD / SILVER SURFER (VOICE)
NORRIN RADD / SILVER SURFER;NORRIN RADD / SILVER SURFER
FRANKIE RAYE;FRANKIE RAYE
JAMES SHERMAN / RAFKE;JAMES SHERMAN / RAFKE
DR. JEFF WAGNER;DR. JEFF WAGNER
BAXTER BUILDING DOORMAN;BAXTER BUILDING DOORMAN
HOT PARTY GIRL #3;HOT PARTY GIRL #3
JOHNNY'S WEDDING DATE;JOHNNY'S WEDDING DATE
STAN LEE - REJECTED WEDDING GUEST;STAN LEE - REJECTED WEDDING GUEST
TAILOR;TAILOR
ELEKTRA NATCHIOS / ELEKTRA;ELEKTRA NATCHIOS / ELEKTRA
MARK MILLER;MARK MILLER
KIRIGI;KIRIGI
ROSHI;ROSHI
STICK;STICK
TYPHOID MARY / TYPHOID;TYPHOID MARY / TYPHOID
ABBY MILLER;ABBY MILLER
MCCABE;MCCABE
KINKOU;KINKOU
TATTOO;TATTOO
BAUER;BAUER
MEIZUMI;MEIZUMI
YOUNG ELEKTRA;YOUNG ELEKTRA
POOL SHARK;POOL SHARK
HAND NINJA #2;HAND NINJA #2
ROSHI SERVANT;ROSHI SERVANT
NIKOLAS NATCHIOS;NIKOLAS NATCHIOS
HAND NINJA #1;HAND NINJA #1
YOUNG ELEKTRA'S MOTHER;YOUNG ELEKTRA'S MOTHER
MATT MURDOCK (DIRECTOR'S CUT ONLY);MATT MURDOCK (DIRECTOR'S CUT ONLY)
MATT MURDOCK / DAREDEVIL;MATT MURDOCK / DAREDEVIL
ELEKTRA NATCHIOS;ELEKTRA NATCHIOS
LESTER / BULLSEYE;LESTER / BULLSEYE
WILSON FISK / THE KINGPIN;WILSON FISK / THE KINGPIN
FRANKLIN 'FOGGY' NELSON;FRANKLIN 'FOGGY' NELSON
YOUNG MATT;YOUNG MATT
KAREN PAGE;KAREN PAGE
BEN URICH;BEN URICH
WESLEY OWEN WELCH;WESLEY OWEN WELCH
NICK MANOLIS;NICK MANOLIS
FATHER EVERETT;FATHER EVERETT
JOSE QUESADA;JOSE QUESADA
JACK MURDOCK;JACK MURDOCK
ABUSIVE FATHER;ABUSIVE FATHER
MEAT PACKER;MEAT PACKER
QUESADA ATTORNEY;QUESADA ATTORNEY
RING ANNOUNCER;RING ANNOUNCER
ANGELA SUTTON;ANGELA SUTTON
JUDGE #1;JUDGE #1
JOSIE;JOSIE
NY COP #1;NY COP #1
KID #1;KID #1
KID #2;KID #2
KID #3;KID #3
STAVROS;STAVROS
OLD LADY ON PLANE;OLD LADY ON PLANE
ROOKIE COP;ROOKIE COP
DRUNKEN ENGLISHMAN;DRUNKEN ENGLISHMAN
SHARPSHOOTER;SHARPSHOOTER
JACK KIRBY;JACK KIRBY
NORMAN OSBORN / GREEN GOBLIN;NORMAN OSBORN / GREEN GOBLIN
MARY JANE WATSON;MARY JANE WATSON
HARRY OSBORN;HARRY OSBORN
BEN PARKER;BEN PARKER
J. JONAH JAMESON;J. JONAH JAMESON
FLASH THOMPSON;FLASH THOMPSON
JOSEPH 'ROBBIE' ROBERTSON;JOSEPH 'ROBBIE' ROBERTSON
CARJACKER;CARJACKER
BETTY BRANT;BETTY BRANT
DR. MENDELL STROMM;DR. MENDELL STROMM
BONE SAW MCGRAW;BONE SAW MCGRAW
CHECK-IN GIRL;CHECK-IN GIRL
PUNK ROCK GIRL;PUNK ROCK GIRL
HOFFMAN;HOFFMAN
MAN IN FAIR;MAN IN FAIR
STUNTS;STUNTS
TUGBOAT CAPTAIN;TUGBOAT CAPTAIN
MAXIMILIAN FARGAS;MAXIMILIAN FARGAS
SIMKINS;SIMKINS
HENRY BALKAN;HENRY BALKAN
GENERAL SLOCUM;GENERAL SLOCUM
HOUSEMAN;HOUSEMAN
SUBWAY GUITARIST;SUBWAY GUITARIST
COP AT CARJACKING;COP AT CARJACKING
LAB TOUR GUIDE;LAB TOUR GUIDE
WRESTLING PROMOTER;WRESTLING PROMOTER
WRESTLING ARENA GUARD;WRESTLING ARENA GUARD
FLASH'S CRONY;FLASH'S CRONY
HECKLER;HECKLER
COP AT FIRE;COP AT FIRE
MOTHER AT FIRE;MOTHER AT FIRE
CABBIE;CABBIE
OPINIONATED COP;OPINIONATED COP
SURLY TRUCK DRIVER;SURLY TRUCK DRIVER
PHILIP WATSON;PHILIP WATSON
CHAPERONE IN TRAM;CHAPERONE IN TRAM
GIRL IN TRAM;GIRL IN TRAM
BOY IN TRAM;BOY IN TRAM
PROJECT COORDINATOR;PROJECT COORDINATOR
MADELINE WATSON;MADELINE WATSON
BILLY'S MOM;BILLY'S MOM
YOUNG LADY AT FIRE;YOUNG LADY AT FIRE
MARINE COP;MARINE COP
DR. OTTO OCTAVIUS / DOCTOR OCTOPUS;DR. OTTO OCTAVIUS / DOCTOR OCTOPUS
ROSALIE OCTAVIUS;ROSALIE OCTAVIUS
JOHN JAMESON;JOHN JAMESON
DR. CURT CONNORS;DR. CURT CONNORS
NORMAN OSBORN;NORMAN OSBORN
URSULA;URSULA
SNOOTY USHER;SNOOTY USHER
MAN DODGING DEBRIS;MAN DODGING DEBRIS
MAN ON BALCONY;MAN ON BALCONY
MR. JACKS;MR. JACKS
ELEVATOR PASSENGER;ELEVATOR PASSENGER
PIZZA 'HEIST' WITNESS;PIZZA 'HEIST' WITNESS
RECEPTIONIST;RECEPTIONIST
MISS BRANT;MISS BRANT
RAYMOND;RAYMOND
MR. AZIZ;MR. AZIZ
TRAIN PASSENGER;TRAIN PASSENGER
LOUISE;LOUISE
WOMAN AT WEB;WOMAN AT WEB
DR. DAVIS;DR. DAVIS
MR. DITKOVICH;MR. DITKOVICH
GARBAGE MAN;GARBAGE MAN
MRS. JAMESON;MRS. JAMESON
SKEPTICAL SCIENTIST;SKEPTICAL SCIENTIST
OSCORP REPRESENTATIVE;OSCORP REPRESENTATIVE
AMAZED KID;AMAZED KID
ALGERNON;ALGERNON
THEATER TRAFFIC COP;THEATER TRAFFIC COP
CLAWING NURSE;CLAWING NURSE
TRAIN CONDUCTOR;TRAIN CONDUCTOR
SOCIETY WOMAN;SOCIETY WOMAN
DR. ISAACS;DR. ISAACS
MRS. WATSON;MRS. WATSON
INJURED SCIENTIST;INJURED SCIENTIST
VIOLINIST;VIOLINIST
WOMAN AT FIRE;WOMAN AT FIRE
SCREAMING NURSE;SCREAMING NURSE
CHAINSAW DOCTOR;CHAINSAW DOCTOR
HARRY OSBORN / NEW GOBLIN;HARRY OSBORN / NEW GOBLIN
FLINT MARKO / SANDMAN;FLINT MARKO / SANDMAN
EDDIE BROCK / VENOM;EDDIE BROCK / VENOM
GWEN STACEY;GWEN STACEY
CAPTAIN STACEY;CAPTAIN STACEY
MRS. MARKO;MRS. MARKO
JOSEPH ROBERTSON;JOSEPH ROBERTSON
PENNY MARKO;PENNY MARKO
MR. DITKOVITCH;MR. DITKOVITCH
DENNIS CARRADINE / CARJACKER;DENNIS CARRADINE / CARJACKER
MAN IN TIMES SQUARE;MAN IN TIMES SQUARE
MAÎTRE D;MAÎTRE D
PIANIST;PIANIST
MRS. STACY;MRS. STACY
ANCHORMAN;ANCHORMAN
JENNIFER DUGAN;JENNIFER DUGAN
CONGRATULATORY WOMAN AT DAILY BUGLE;CONGRATULATORY WOMAN AT DAILY BUGLE
CRANE DISASTER RADIO POLICEMAN;CRANE DISASTER RADIO POLICEMAN
PLAY DIRECTOR;PLAY DIRECTOR
PLAY PRODUCER;PLAY PRODUCER
JAZZ CLUB MANAGER;JAZZ CLUB MANAGER
PRECINCT DETECTIVE;PRECINCT DETECTIVE
EMERGENCY ROOM DOCTOR;EMERGENCY ROOM DOCTOR
CRANE OPERATOR;CRANE OPERATOR
WOMAN OUTSIDE THEATER;WOMAN OUTSIDE THEATER
POLICE DETECTIVE;POLICE DETECTIVE
NEW JERSEY STATE POLICEMAN;NEW JERSEY STATE POLICEMAN
TEST SITE TECHNICIAN;TEST SITE TECHNICIAN
ICU NURSE;ICU NURSE
COP AT CRANE DISASTER;COP AT CRANE DISASTER
MARY JANE'S REPLACEMENT;MARY JANE'S REPLACEMENT
BOY AT KEY TO THE CITY CEREMONY;BOY AT KEY TO THE CITY CEREMONY
COUNCILWOMAN;COUNCILWOMAN
POLICEMAN AT SAND TRUCK;POLICEMAN AT SAND TRUCK
ARMORED CAR DRIVER;ARMORED CAR DRIVER
NEWSTAND PATRON;NEWSTAND PATRON
COFFEE SHOP WAITRESS;COFFEE SHOP WAITRESS
JAZZ CLUB WAITRESS;JAZZ CLUB WAITRESS
JAZZ CLUB BOUNCER;JAZZ CLUB BOUNCER
PHOTOSHOOT CLIENT;PHOTOSHOOT CLIENT
GWEN STACY;GWEN STACY
DR. CURT CONNORS / THE LIZARD;DR. CURT CONNORS / THE LIZARD
CAPTAIN STACY;CAPTAIN STACY
RICHARD PARKER;RICHARD PARKER
RAJIT RATHA;RAJIT RATHA
UNCLE BEN;UNCLE BEN
AUNT MAY;AUNT MAY
PETER PARKER (AGE 4);PETER PARKER (AGE 4)
MARY PARKER;MARY PARKER
CASH REGISTER THIEF;CASH REGISTER THIEF
MISSY KALLENBACK;MISSY KALLENBACK
JACK'S FATHER;JACK'S FATHER
SCHOOL LIBRARIAN;SCHOOL LIBRARIAN
MAN IN THE SHADOWS;MAN IN THE SHADOWS
HELEN STACY;HELEN STACY
PHILIP STACY;PHILIP STACY
HOWARD STACY;HOWARD STACY
SIMON STACY;SIMON STACY
MR. CRAMER;MR. CRAMER
MISS RITTER;MISS RITTER
NICKY'S GIRLFRIEND;NICKY'S GIRLFRIEND
STORE CLERK;STORE CLERK
GORDON;GORDON
PHYSICS NERD;PHYSICS NERD
NICKY;NICKY
CAR THIEF;CAR THIEF
CAR THIEF COP;CAR THIEF COP
POLICE OFFICER;POLICE OFFICER
OFFICER (SWAT);OFFICER (SWAT)
NEWSCASTER (NEWS CHOPPER);NEWSCASTER (NEWS CHOPPER)
OSCORP INTERN;OSCORP INTERN
RODRIGO GUEVARA;RODRIGO GUEVARA
TAXI DRIVER;TAXI DRIVER
POLICE OFFICER WITH SKETCH;POLICE OFFICER WITH SKETCH
SHEILA (SUBWAY);SHEILA (SUBWAY)
SUBWAY GUY;SUBWAY GUY
PRINCIPAL;PRINCIPAL
SECOND GIRL (SUBWAY);SECOND GIRL (SUBWAY)
ARIEL;ARIEL
MAX DILLON / ELECTRO;MAX DILLON / ELECTRO
HARRY OSBORN / GREEN GOBLIN;HARRY OSBORN / GREEN GOBLIN
DONALD MENKEN;DONALD MENKEN
YOUNG PETER PARKER;YOUNG PETER PARKER
FELICIA HARDY;FELICIA HARDY
DR. ASHLEY KAFKA;DR. ASHLEY KAFKA
ALLISTAR SMYTHE;ALLISTAR SMYTHE
GRADUATION GUEST;GRADUATION GUEST
GUSTAV FIERS / THE GENTLEMAN;GUSTAV FIERS / THE GENTLEMAN
WOMAN IN STATUE OF LIBERTY COSTUME;WOMAN IN STATUE OF LIBERTY COSTUME
DR. JALLINGS - SCIENCE INVESTIGATOR;DR. JALLINGS - SCIENCE INVESTIGATOR
KARI;KARI
AGENT BERKLEY;AGENT BERKLEY
SWAT TEAM LEADER;SWAT TEAM LEADER
JORGE;JORGE
G-5 CO-PILOT;G-5 CO-PILOT
GWEN'S CABBIE;GWEN'S CABBIE
BRITISH DESK ATTENDANT;BRITISH DESK ATTENDANT
PRINCIPAL CONWAY;PRINCIPAL CONWAY
TIMES SQUARE COP;TIMES SQUARE COP
LEAD OFFICER;LEAD OFFICER
POLICE CAPTAIN;POLICE CAPTAIN
BODEGA CASHIER;BODEGA CASHIER
ROBBER;ROBBER
AIR TRAFFIC CONTROLLER;AIR TRAFFIC CONTROLLER
DISPATCHER;DISPATCHER
OSBORN BUTLER;OSBORN BUTLER
PILOT;PILOT
JORGE'S MOTHER;JORGE'S MOTHER
NY1 NEWS ANCHOR;NY1 NEWS ANCHOR
NY1 REPORTER;NY1 REPORTER
CHINESE GRANDPA;CHINESE GRANDPA
ARMED ROBBER;ARMED ROBBER
RAVENCROFT GUARD;RAVENCROFT GUARD
BULLY;BULLY
OSCORP DEPARTMENT HEAD;OSCORP DEPARTMENT HEAD
TIMES SQUARE BYSTANDER;TIMES SQUARE BYSTANDER
CORPORATE LAWYER;CORPORATE LAWYER
FRANK CASTLE / THE PUNISHER;FRANK CASTLE / THE PUNISHER
HOWARD SAINT;HOWARD SAINT
QUENTIN GLASS;QUENTIN GLASS
FRANK CASTLE;FRANK CASTLE
BILLY RUSSOTI / JIGSAW;BILLY RUSSOTI / JIGSAW
ANGELA DONATELLI;ANGELA DONATELLI
PAUL BUDIANSKY;PAUL BUDIANSKY
LOONY BIN JIM;LOONY BIN JIM
MARTIN SOAP;MARTIN SOAP
MICRO;MICRO
GRACE DONATELLI;GRACE DONATELLI
PITTSY;PITTSY
AGENT MILLER;AGENT MILLER
CAPTAIN ROSS;CAPTAIN ROSS
SAFFIOTTI;SAFFIOTTI
MAGINTY;MAGINTY
CARLOS;CARLOS
CRISTU BULAT;CRISTU BULAT
DR. HANK PYM;DR. HANK PYM
HOPE VAN DYNE;HOPE VAN DYNE
DARREN CROSS / YELLOWJACKET;DARREN CROSS / YELLOWJACKET
PAXTON;PAXTON
LUIS;LUIS
DAVE;DAVE
GALE;GALE
MAGGIE LANG;MAGGIE LANG
CASSIE LANG;CASSIE LANG
KURT;KURT
MITCHELL CARSON;MITCHELL CARSON
CAR DRIVER;CAR DRIVER
DALE;DALE
HYDRA BUYER;HYDRA BUYER
FRANK;FRANK
BUYER;BUYER
YOUNG PYM;YOUNG PYM
JANET VAN DYNE / THE WASP;JANET VAN DYNE / THE WASP
SPANISH WOMAN;SPANISH WOMAN
YOUNG DAUGHTER;YOUNG DAUGHTER
RAVER;RAVER
POOL BBQ DAD;POOL BBQ DAD
POOL BBQ MOM;POOL BBQ MOM
POOL BBQ KID;POOL BBQ KID
PYM TECH GATE GUARD;PYM TECH GATE GUARD
PYM TECH SECURITY GUARD;PYM TECH SECURITY GUARD
EMT;EMT
GORGEOUS BLONDE;GORGEOUS BLONDE
SUPERIOR OFFICER;SUPERIOR OFFICER
ICE CREAM STORE CUSTOMER;ICE CREAM STORE CUSTOMER
ERNESTO;ERNESTO
EMILY;EMILY
PEACHY;PEACHY
COP ON SPEAKER;COP ON SPEAKER
ALPHA GUARD;ALPHA GUARD
BETA GUARD;BETA GUARD
VAULT GUARD;VAULT GUARD
ARMED GUARD;ARMED GUARD
LAB GUARD;LAB GUARD
LAB TECH;LAB TECH
IGNACIO;IGNACIO
WRITER;WRITER
HIDEOUS RABBIT (VOICE);HIDEOUS RABBIT (VOICE)
